source_id,source_desc,address1,address2,city,state,province,zip,country
1,"Abana Pharmaceuticals","PO Box 46903"," ","St Louis","MO","","63146","USA"
2,"Abbott Pharmaceutical","1 Abbott Park Road"," ","Abbott Park","IL"," ","60064-3500","USA"
6,"Almay","1501 Williamsboro Street PO Box 6111","","Oxford","NC","","27565","USA"
8,"Alra Laboratories","3850 Clearview Court","","Gurnee","IL","","60031","USA"
9,"Alto Pharmaceuticals Inc","PO Box 271150","","Tampa","FL","","33688-1150","USA"
10,"Alza Pharmaceuticals","1900 Charleston Road Building M10","","Mountain View","CA","","94043","USA"
11,"American Regent Laboratories Inc","One Luitpold Drive"," ","Shirley","NY","","11967","USA"
12,"Amgen USA","One Amgen Center","","Thousand Oaks","CA","","91320-1789","USA"
14,"Apothecary Products","11750 Twelfth Avenue South","","Burnsville","MN","","55337-1297","USA"
15,"Bristol-Myers Squibb","PO Box 4500","","Princeton","NJ","","08540-4500","USA"
19,"Bausch and Lomb","1400 N Goodman Place","","Rochester","NY","","33637","USA"
20,"Baxter I.V. Systems Division","Route 120 and Wilson Road","","Round Lake","IL","","60073-0490","USA"
22,"Bayer Pharmaceutical Inc","400 Morgan Lane"," ","West Haven","CT","","06516","USA"
25,"Becton Dickinson Consumer Products","One Becton Drive","","Franklin Lakes","NJ","","07417","USA"
26,"Bedford Laboratories","300 Northfield Road","","Bedford","OH","","44146","USA"
27,"Beiersdorf Inc","P O Box 5529","","Norwalk","CT","","06856-5529","USA"
28,"Berlex Laboratories","300 Fairfield Road","","Wayne","NJ","","07470-7358","USA"
29,"Berna Products","4216 Ponce de Leon Boulevard","","Coral Gables","FL","","33146","USA"
30,"Beutlich Pharmaceuticals","1541 Shields Drive","","Waukegan","IL","","60085-8304","USA"
31,"Blaine Company Inc","1515 Production Drive","","Burlington","KY","","41005","USA"
32,"Bock Pharmacal Company","PO Box 419056","","St. Louis","MO","","63141-9056","USA"
33,"Boehringer-Ingelheim","PO Box 368","","Ridgefield","CT","","06877-0368","USA"
34,"Braintree Laboratories","60 Columbian Street West","PO Box 850929","Braintree","MA","","02185-0929","USA"
39,"Genesis Pharmaceutical Inc","1721 Maplelane Avenue","","Hazel Park","MI","","48030-1121","USA"
42,"Chiron Corporation","4560 Horton Street Unit 500","","Emeryville","CA","","94608","USA"
46,"sanofi pasteur","Route 611, PO Box 187","","Swiftwater","PA","","18370","USA"
47,"Copley Pharmaceutical Inc","Canton Commerce Center, 25 John Road","","Canton","MA","","02021","USA"
52,"Dartmouth Pharmaceuticals Inc","38 Church Avenue, #220","","Wareham","MA","","02571","USA"
53,"Dermik Laboratories/Aventis","1050 Westlakes Drive","","Berwyn","PA","","19312-2421","USA"
54,"Dey Laboratories","2751 Napa Valley Corporate Drive"," ","Napa","CA","","94558","USA"
55,"Dow Hickam Pharmaceuticals Inc","PO Box 2006","","Sugar Land","TX","","77487","USA"
56,"*DuPont Pharmaceuticals","DuPont Merck Plaza HR723, PO Box 80723","","Wilmington","DE","","19880-0723","USA"
61,"Enzon Inc","20 Kingsbridge Road"," ","Piscataway","NJ","","08854","USA"
62,"Ferring Pharmaceuticals Inc","120 White Plains Road Suite 400"," ","Tarrytown","NY","","10591","USA"
64,"Fleet, CB","4615 Murray Place, PO Box 11349","","Lynchburg","VA","","24506-1349","USA"
65,"Forest Pharmaceuticals","13600 Shoreline Drive","","St. Louis","MO","","63045","USA"
66,"Fougera","60 Baylis Road"," ","Melville","NY","","11747","USA"
67,"Astellas Pharma US, Inc","3 Parkway North, Parkway North Center","","Deerfield","IL","","60015-2548","USA"
68,"Gebauer Company","9410 Saint Catherine Avenue","","Cleveland","OH","","44104","USA"
70,"Genentech","One DNA Way","","South San Francisco","CA","","94080-4990","USA"
71,"Sandoz Inc","2555 W Midway Boulevard, PO Box 446","","Broomfield","CO","","80038-0446","USA"
72,"Teva SICOR Pharmaceuticals Inc","17 Hughes","","Irvine","CA","","92618","USA"
74,"Glades Pharmaceuticals","255 Alhambra Circle, Suite 1000","","Coral Gables","FL","","33134-7212","USA"
77,"Aventis Pharmaceuticals","300 Somerset Corporate Boulevard","","Bridgewater","NJ","","08807-2854","USA"
79,"ICN Pharmaceuticals Inc","3300 Hyland Avenue"," ","Costa Mesa","CA"," ","92626","USA"
80,"Immunex Corporation","51 University Street"," ","Seattle","WA","","98101","USA"
81,"Baxter Healthcare/Hyland Immuno","1628 Lake Cook Road, LCIV-2","","Deerfield","IL","","60015","USA"
84,"Janssen Pharmaceuticals","1125 Trenton-Harbourton Road, PO Box 200","","Titusville","NJ","","08560-0200","USA"
85,"Johnson and Johnson Medical Inc","PO Box 90130","","Arlington","TX","","76004-3130","USA"
87,"Knoll Pharmaceutical Company","3000 Continental Drive North"," ","Mount Olive","NJ"," ","07828","USA"
88,"Konsyl Pharmaceuticals Inc","4200 South Hulen Suite 513","","Fort Worth","TX","","76109","USA"
89,"Lederle Laboratories","PO Box 8299","","Philadelphia","PA","","19101-8299","USA"
93,"Mallinckrodt Medical Inc","675 McDonnell Boulevard, PO Box 5840","","St. Louis","MO","","63134","USA"
94,"Marsam Pharmaceuticals Inc","24 Olney Avenue, Building 31"," ","Cherry Hill","NJ"," ","08003","USA"
95,"B. Braun Medical","PO Box 19791","","Irvine","CA","","92713-9791","USA"
97,"Merck & Company Inc","US Human Health, PO Box 4-Wp 39-267","","West Point","PA","","19486-0004","USA"
98,"MGI Pharma Inc","5775 West Old Shakopee Road Suite 100","","Bloomington","MN","","55437","USA"
99,"*Muro Pharmaceuticals Inc","890 East Street","","Tewksbury","MA","","01876","USA"
100,"Mylan Pharmaceuticals Inc","781 Chestnut Ridge Road ","P O Box 4310","Morgantown","WV","","26504-4310","USA"
102,"Novo Nordisk Pharmaceuticals Inc","100 College Road West","","Princeton","NJ","","08540-7810","USA"
103,"Baxter Pharmaceutical Products, Inc","95 Spring Street","","New Providence","NJ","","07974","USA"
104,"Organon Pharmaceuticals","375 Mount Pleasant Avenue","","West Orange","NJ","","07052","USA"
105,"Ortho McNeil Pharmaceutical","Route 202, PO Box 600","","Raritan","NJ","","08869-0602","USA"
106,"Ortho Biotech Inc","430 Route 22 East","","Bridgewater","NJ","","08807-0914","USA"
109,"Parnell Pharmaceuticals Inc","P O Box 5130","","Larkspur","CA","","94977","USA"
110,"Pedinol Pharmacal Inc","30 Banfi Plaza North"," ","Farmingdale","NY","","11735","USA"
111,"Person and Covey","616 Allen Avenue P O Box 25018","","Glendale","CA","","91201-5018","USA"
112,"Pfizer U.S. Pharmaceuticals Group","235 East 42nd Street","","New York","NY","","10017-5755","USA"
113,"X-Gen Pharmaceuticals Inc","PO Box 445","","Big Flats","NY","","14814","USA"
115,"Pharmaceutical Specialities Inc","2112 15th Street NW PO Box 6298","","Rochester","MN","","55903-6298","USA"
118,"Pharmakon Labs Inc","6050 Jet Port Industrial Boulevard","","Tampa","FL","","33634","USA"
122,"Procter and Gamble Pharmaceuticals","8700 Mason Montgomery Road Box 2114","","Mason","OH","","45040","USA"
123,"Purdue Pharma LP","One Stamford Forum","","Stamford","CT","","06901","USA"
124,"Actavis U.S. (Purepac Pharmaceutical Company)","One New England Avenue","","Piscatawny","NJ","","07207","USA"
126,"Roche Laboratories","340 Kingsland Street"," ","Nutley","NJ","","07110","USA"
129,"Roxane Laboratories Inc","1809 Wilson Road","","Columbus","OH","","43228","USA"
131,"Sanofi-Synthelabo Inc","90 Park Avenue","","New York","NY","","10016","USA"
132,"Savage Laboratories","60 Baylis Road","","Melville","NY","","11747","USA"
133,"Axcan Scandipharm Inc","22 Inverness Center Parkway, Suite 310","","Birmingham","AL","","35242","USA"
137,"Schwarz Pharma","6140 West Executive Drive","","Mequon","WI","","53092","USA"
139,"Serono Laboratories Inc","One Technology Place","","Rockland","MA","","02370","USA"
140,"Sigma-Tau Pharmaceuticals Inc","800 South Frederick Avenue, Suite 300"," ","Gaithersburg","MD"," ","20877","USA"
142,"GlaxoSmithKline","5 Moore Drive","P O Box 13398","Research Triangle Park","NC","","27709","USA"
144,"Solvay Pharmaceuticals Inc","901 Sawyer Road"," ","Marietta","GA","","30062","USA"
145,"Somerset Pharmaceuticals Inc","2202 Northwest Shore Boulevard Suite 450","","Tampa","FL","","33607","USA"
147,"TAP Pharmaceuticals Inc","675 North Field Drive","","Lake Forest","IL","","60045","USA"
149,"UDL Laboratories Inc","1718 Northrock Court","","Rockford","IL","","61103","USA"
150,"Hope Pharmaceuticals","8260 East Gelding Drive Suite 104","","Scottsdale","AZ","","85260","USA"
152,"Upsher-Smith Laboratories Inc","14905 23rd Avenue North","","Minneapolis","MN","","55447-4709","USA"
153,"MedPointe Healthcare Inc","265 Davidson Avenue Suite 300","P O Box 6833","Somerset","NJ","","08875-6833","USA"
156,"Wyeth-Ayerst Laboratories","PO Box 8299","","Philadelphia","PA","","19101-1245","USA"
157,"Astra-Zeneca Pharmaceuticals","1800 Concord Pike","","Wilmington","DE","","19850-5437","USA"
158,"Zila Consumer Pharmaceuticals Inc","5227 N 7th Street","","Phoenix","AZ","","85014-2817","USA"
160,"Biogen Inc","14 Cambridge Center","","Cambridge","MA","","02142","USA"
161,"Circa Pharmaceuticals Inc","33 Ralph Avenue"," ","Copiague","NY"," ","11726-0030","USA"
164,"Enviroderm Pharmaceuticals","PO Box 32370"," ","Louisville","KY","","40232","USA"
172,"Advance Pharmaceuticals Inc","2201-F Fifth Avenue","","Ronkonkoma","NY","","11779","USA"
173,"Advanced Remedies Inc","72-6 Veronica Ave, #6"," ","Somerset","NJ"," ","08873","USA"
175,"Akorn Inc","2500 Millbrook Drive","","Buffalo Grove","IL","","60089","USA"
177,"Aligen Independent Laboratories Inc","3510 North Lake Creek Drive","","Jackson","WY","","83001","USA"
178,"ALK-Abello Inc","1700 Royston Lane","","Round Rock","TX","","78664","USA"
179,"Allscripts Healthcare Solutions","2401 Coomerce Avenue","","Libertyville","IL","","60048-4464","USA"
183,"Amend Drug And Chemical Company Inc","83 Cordier Street","","Irvington","NJ","","07111","USA"
184,"American Generics Inc","48 Woodstead Road","","Ballston Lake","NY","","12019","USA"
189,"Amide Pharmaceutical Inc, subsidiary of Actavis U.S.","101 East Main Street","","Little Falls","NJ","","07424","USA"
200,"Elan Pharmaceutical/Athena Neurosciences Inc","800 Gateway Boulevard","","South San Francisco","CA","","94080","USA"
201,"Atley Pharmaceuticals","14433 Washington Highway"," ","Ashland","VA"," ","23005-7240","USA"
204,"Bajamar Chemical Company Inc","9609 Dielman Rock Island","","St. Louis","MO","","33137","USA"
207,"Barr Pharmaceuticals Inc","2 Quaker Road, PO Box 2900","","Pomona","NY","","10970-0519","USA"
209,"Basel Pharmaceuticals","59 Route 10"," ","East Hanover","NJ"," ","07936","USA"
215,"Bio-Pharm Inc","10 H Runway Road","","Levittown","PA","","19057","USA"
217,"Blansett Pharmacal Company Inc","3304 Pike Avenue","","North Little Rock","AR","","72118","USA"
219,"Boehringer Mannheim","101 Orchard Ridge Drive","","Gaithersburg","MD","","20878","USA"
221,"Bracco Diagnostics Inc","107 College Road, PO Box 5225","","Princeton","NJ","","08540","USA"
222,"Bradley Pharmaceuticals Inc","383 Route 46 West","","Fairfield","NJ","","07004","USA"
224,"Glaxo Wellcome","5 Moore Drive","","Research Triangle Park","NC","","27709","USA"
225,"Truxton Company Inc","136 Harding Ave","","Bellmawr","NJ","","08031","USA"
227,"Caraco Pharmaceutical Laboratories","1150 Elijah McCoy Drive","","Detroit","MI","","48202-3344","USA"
228,"Caremark Inc","2211 Sanders Road NB5N","","Northbrook","IL","","60062","USA"
230,"Carnrick Laboratories Inc","65 Horse Hill Road","","Cedar Knolls","NJ","","07927","USA"
233,"Center Pharmaceuticals Inc","3620 Park Central Boulevard North","","Pompano Beach","FL","","33064","USA"
235,"Century Pharmaceuticals Inc","10377 Hague Road","","Indianapolis","IN","","46256-3399","USA"
236,"Cetylite Industries Inc","9051 River Road","","Pennsauken","NJ","","08110-3293","USA"
239,"Biotrol International","13705 Shoreline Court East","","Earth City","MO","","63045","USA"
241,"Chase Laboratories Inc","280 Chestnut Street","","Newark","NJ","","07105","USA"
244,"Cheshire Drugs","2280 Cheshire Bridge Road","","Atlanta","GA","","30324","USA"
245,"Ciba Vision Ophthalmics, a division of Novartis","11460 Johns Creek Pky","","Duluth","GA","","30136","USA"
246,"Circle Pharmaceuticals Inc","6320 Rucker Road","","Indianapolis","IN","","46220","USA"
248,"Perrigo (formerly Clay-Park Laboratories Inc)","1625 Bathgate Avenue","","Bronx","NY","","10457","USA"
249,"Clint Pharmaceutical Inc","629 Shute Lane","","Old Hickory","TN","","37138","USA"
251,"Colgate Oral Pharmaceuticals Inc","1 Colgate Way"," ","Canton","MA"," ","02021","USA"
259,"Curatek Pharmaceuticals Ltd","1965 Pratt Boulevard","","Elk Grove Village","IL","","60007","USA"
264,"Dayton Pharmaceuticals Inc","7760 North West 56th Street","","Miami","FL","","33166","USA"
265,"Del-Ray Dermatologicals","P O Box 1425","","Johnson City","TN","","37605","USA"
271,"Dista Products Company","Division of Eli Lilly","Lilly Corporate Center","Indianapolis","IN","","46285","USA"
274,"Doak Dermatologics Division","383 Route 46 West"," ","Fairfield","NJ"," ","07004","USA"
279,"Dunhall Pharmaceuticals Inc","Highway 59 North, PO Box 100","","Gravette","AR","","72736","USA"
283,"Edwards Pharmaceuticals Inc","111 Mulberry Street","P O Box 111","Ripley","MS","","38663","USA"
286,"Emerson Laboratories","1008 Whitaken Street","","Texarkana","TX","","75501","USA"
287,"Endo Laboratories LLC","223 Wilmington Westchester Pike","","Chadds Ford","PA","","19317","USA"
289,"Sandoz Laboratories, Eon Division","1999 Marcus Avenue","","Lake Success","NY","","11042","USA"
291,"Ethex Corporation","10888 Metro Court","","Saint Louis","MO","","63043","USA"
292,"Ethitek Pharmaceuticals Company","7701 N Austin Avenue","","Skokie","IL","","60077","USA"
294,"Everett Laboratories Inc","29 Spring Street","","West Orange","NJ","","07052","USA"
295,"Falcon Ophthalmics","6201 South Freeway","","Fort Worth","TX","","76134","USA"
297,"Mayne Pharma Inc","650 From Road, Mack-Cali Centre II","Second Floor","Paramus","NJ","","07652","USA"
300,"Ferndale Laboratories Inc","780 West 8 Mile Road","","Ferndale","MI","","48220","USA"
301,"Fielding Company","11551 Adie Road"," ","Maryland Heights","MO","","63043","USA"
305,"G And W Laboratories Inc","111 Coolidge Street","","South Plainfield","NJ","","07080","USA"
307,"Galderma Laboratories Inc","5 Cedarbrook Drive","","Cranbury","NJ","","08512","USA"
308,"Gallipot Inc","2020 Silver Bell Road","","Saint Paul","MN","","55122","USA"
312,"Genzyme Corporation","500 Kendall Street","","Cambridge","MA","","02142","USA"
313,"Geriatric Pharmaceutical Corporation","4 Industrial Way West"," ","Eatontown","NJ"," ","07724","USA"
315,"Glasgow Pharmaceutical Corporation","890 North L Rogers Wells Boulevard, PO Box 1209","","Glasgow","KY","","42142-1209","USA"
316,"Global Pharmaceutical Corporation","3735 Castor Avenue","","Philadelphia","PA","","19124","USA"
318,"Teva Corporation, formerly IVAX","4400 Biscayne Boulevard","","Miami","FL","","33137","USA"
319,"Gordon Laboratories","6801 Ludlow Street","","Upper Darby","PA","","19082","USA"
320,"Great Southern Laboratories","10863 Rockley Road","","Houston","TX","","77099","USA"
327,"*Halsey Drug Company Inc","695 Noth Perryville Road","","Rockford","IL","","61107","USA"
334,"Heran Pharmaceutical Inc","7215 Eckhart Road","","San Antonio","TX","","78238","USA"
335,"Hill Dermaceuticals Inc","2650 South Mellonville Avenue","","Sanford","FL","","32773-9311","USA"
336,"Hirsch Industries Inc","150 Glover Avenue","","Norwalk","CT","","06856","USA"
338,"First Horizon Pharmaceutical Corporation","6195 Shiloh Road"," ","Alpharetta","GA","","30005","USA"
341,"HTD Pharmaceutical","1904 Winewood Road","","Birmingham","AL","","35215","USA"
342,"Huckaby Pharmacal Inc","6316 Old Lagrange Road","","Crestwood","KY","","40014","USA"
343,"Huffman Laboratories Division Pharmed Group","3075 North West 107 Avenue","","Miami","FL","","33172","USA"
345,"Hyrex Pharma","2740 Whitten Rd 118","","Memphis","TN","","38133 - 47","USA"
346,"International Ethical Laboratories Inc","Avenue Americo Miranda #1021, Reparto Metropolitano"," ","Rio Piedras","PR"," ","00921","USA"
347,"International Laboratories","901 Sawyer Road"," ","Marietta","GA","","30062","USA"
348,"Interpharm Inc","3 Fairchild Avenue","","Plainview","NY","","11803","USA"
350,"Invamed Inc","2400 Route 130 North"," ","Dayton","NJ"," ","08810","USA"
351,"Inwood Laboratories Inc","500 Commack Road"," ","Comack","NY","","11725","USA"
352,"Iomed Laboratories Inc","7425 Pebble Drive","","Fort Worth","TX","","76118","USA"
353,"Ion Laboratories Inc","7431 Pebble Drive","","Fort Worth","TX","","76118","USA"
354,"IPR Pharmaceuticals Inc","PO Box 6000","","Carolina","PR","","00984-1967","USA"
356,"Jacobus Pharmaceutical Company","37 Cleveland Lane, PO Box 5290","","Princeton","NJ","","08540","USA"
357,"Jerome Stevens Pharmaceuticals Inc","60 Da Vinci Drive","","Bohemia","NY","","11716","USA"
360,"Johnson Laboratories Inc","243 Smith Acres Road, PO Box 2184","","Eden","NC","","27288","USA"
366,"Keene Pharmaceuticals Inc","303 South Mockingbird, PO Box 7","","Keene","TX","","76059","USA"
369,"King Pharmaceuticals Inc","501 Fifth Street","","Bristol","TN","","37620","USA"
372,"Kramer Laboratories","8778 Southwest 8th Street","","Miami","FL","","33174","USA"
375,"Lee Pharmaceuticals","1434 Santa Anita Ave, PO Box 3836","","South El Monte","CA","","91733","USA"
376,"Legere Pharmaceuticals","7326 East Evans Road","","Scottsdale","AZ","","85260","USA"
382,"Major Pharmaceuticals Inc","31778 Enterprise Drive"," ","Livonia","MI","","48150","USA"
383,"Martec Pharmaceuticals Inc","1800 North Topping Avenue","","Kansas City","MO","","64120","USA"
384,"Mason Pharmaceuticals Inc","4425 Jambore Suite #250","","Newport Beach","CA","","92660","USA"
385,"McGregor Pharmaceuticals Inc","8420 Ulmerton Road Suite 408","","Largo","FL","","33771","USA"
386,"MD Pharmaceutical Inc","3130 S Harbor Boulevard","","Santa Ana","CA","","92704","USA"
387,"Med-Derm Pharmaceuticals Inc","PO Box 1425","","Johnson City","TN","","37605","USA"
388,"Med Tek Pharmaceuticals Inc","721 Chaney Cove"," ","Collierville","TN","","38017","USA"
390,"Medical Products Laboratories Inc","P O Box 771","","Coral Gables","FL","","33134","USA"
391,"Medimmune Inc","35 West Watkins Mill Road","","Gaithersburg","MD","","20878","USA"
392,"*Medirex Inc","20 Chapin Road, Unit H,PO Box 731","","Pine Brook","NJ","","07058","USA"
393,"Medisan Pharmaceuticals Inc","400 Lanidex Plaza"," ","Parsippany","NJ","","07054","USA"
394,"Merit Pharmaceuticals","2611 San Fernando Road","","Los Angeles","CA","","90065","USA"
397,"Mikart Inc","1750 Chattahoochee Avenue NW","","Atlanta","GA","","30318","USA"
401,"Misemer Pharmaceuticals Inc","4553 South Campbell Street","","Springfield","MO","","65810","USA"
402,"Monarch Pharmaceuticals Inc","501 Fifith Street","","Bristol","TN","","37620","USA"
403,"Morton Grove Pharmaceuticals Inc","8120 Lehigh Avenue","","Morton Grove","IL","","60053","USA"
404,"*Mutual Pharmaceutical Co Inc","1100 Orthodox Street","","Philadelphia","PA","","19124","USA"
408,"Novopharm USA Inc","165 East Commerce Drive, Suite 200","","Schaumburg","IL","","60173","USA"
410,"Oclassen Dermatologics","350 Mount Kemble Avenue","","Morristown","NJ","","07962","USA"
411,"Oral B Laboratories","600 Clipper Drive","","Belmont","CA","","94002","USA"
413,"Paco Pharmaceutical Services, Inc","1200 Paco Way"," ","Lakewood","NJ"," ","08701","USA"
415,"Paddock Laboratories Inc","3940 Quebec Avenue North","","Minneapolis","MN","","55427","USA"
416,"Par Pharmaceutical Inc","1 Ram Ridge Road"," ","Spring Valley","NY","","10977","USA"
417,"Parmed Pharmaceuticals Inc","4220 Hyde Park Boulevard","","Niagara Falls","NY","","14305","USA"
418,"Pasadena Research Laboratories Inc","PO Box 5136"," ","San Clemente","CA"," ","92674-5136","USA"
419,"Pecos Pharmaceutical","25301 Cabot Road 212-213","","Laguna Hills","CA","","92653","USA"
420,"Pegasus Laboratories Inc","8809 Ely Road","","Pensacola","FL","","32514","USA"
422,"Pharmaceutical Assoc Inc Div Beach Products","1700 Perimeter Road","","Greenville","SC","","29605","USA"
425,"Pharmics Inc","2702 South 3600 West Suite H","","Salt Lake City","UT","","84119","USA"
427,"Poly Pharmaceuticals Inc","200 North Archusa Ave, PO Box 93","","Quitman","MS","","39355","USA"
428,"Polymedica Pharmaceuticals USA Inc","11 State Street","","Woburn","MA","","01801","USA"
431,"Quality Care Products/Lake Erie Medical ","7560 Lewis Avenue","","Temperance","MI","","48182","USA"
434,"R & D Laboratories Inc","4640 Admiralty Way, Suite 710"," ","Marina Del Rey","CA","","90292","USA"
437,"Respa Pharmaceuticals Inc","P O Box 88222","","Carol Stream","IL","","60188","USA"
438,"Rexar Pharmacal","PO Box 6497","","Florence","KY","","41022","USA"
440,"Shire US Inc","7900 Tanners Gate Lane, Suite 200"," ","Florence","KY","","41042","USA"
444,"Royce Laboratories Inc","16600 Northwest 54th Avenue","","Miami","FL","","33014","USA"
452,"Sequus Pharmaceuticals Inc","960 Hamilton Court","","Menlo Park","CA","","94025","USA"
453,"Barr Pharmaceuticals (Pliva) Inc","72 Eagle Rock Avenue","","East Hanover","NJ","","07936","USA"
455,"Silarx Pharmaceuticals Inc","19 West St PO Box 449","","Spring Valley","NY","","10977","USA"
457,"Star Pharmaceuticals Inc","1990 Northwest 44th Street","","Pompano Beach","FL","","33064","USA"
459,"Stiefel Laboratories Inc","255 Alhambra Circle, Suite 1000","","Coral Gables","FL","","33134","USA"
460,"Summit Pharmaceuticals","59 Route 10"," ","East Hanover","NJ"," ","07936","USA"
461,"Superior Pharmaceutical Company","1385 Kemper Meadow Drive","","Cincinnati","OH","","45240-1635","USA"
462,"Suppositoria Laboratories Inc","1700 Bathgate Avenue","","Bronx","NY","","10457","USA"
463,"Syntex Laboratories Inc","340 Kingsland Street","","Nutley","NJ","","07110","USA"
465,"Taro Pharmaceuticals U.S.A. Inc","5 Skyline Drive"," ","Hawthorne","NY","","10532","USA"
469,"Time Cap Laboratories Inc","7 Michael Avenue","","Farmingdale","NY","","11735","USA"
470,"TMK Pharmaceuticals","302 North Alexander Street"," ","Plant City","FL","","33567","USA"
472,"Tri Med Laboratories Inc","68 Veronica Avenue","","Somerset","NJ","","08873","USA"
475,"UCB Pharma Inc","1950 Lake Park Drive"," ","Smyrna","GA","","30080","USA"
477,"United Research Laboratories/Mutual Pharmaceutical Company","1100 Orthodox Street"," ","Philadelphia","PA","","19124","USA"
480,"Vintage Pharmaceuticals Inc","1236 Jordan Road","","Hunstville","AL","","35811","USA"
484,"Warrick Pharmaceuticals Corporation","12125 Moya Boulevard"," ","Reno","NV"," ","89506-2600","USA"
485,"Watson Pharmaceuticals","311 Bonnie Circle","","Corona","CA","","91720","USA"
486,"airPharma","5370 College Boulevard, Suite 100","","Overland Park","KS","","66211","USA"
487,"West-Ward Pharmaceutical Corporation","465 Industrial Way West","","Eatontown","NJ","","07724","USA"
496,"CSL Behring","1020 First Avenue","P.O. Box 61501","King of Prussia","PA","","19406-1310","USA"
497,"West Point Pharma","Mail Stop WP39-214","","West Point","PA","","19486","USA"
498,"Qualitest Pharmaceuticals Inc","130 Vintage Drive","","Huntsville","AL","","35811","USA"
501,"Baxter Healthcare Corporation","One Baxter Parkway","","Deerfield","IL","","60015","USA"
503,"Schering-Plough Corporation","2000 Galloping Hill Road","","Kenilworth","NJ","","07033","USA"
504,"Steris Laboratories Inc","620 North 51st Avenue"," ","Phoenix","AZ"," ","85063-3160","USA"
505,"Moore, H.L. Drug Exchange Inc","389 John Downey Drive","","New Britain","CT","","06050","USA"
506,"Veratex Corporation","130 Waverly Street","","Cambridge","MA","","02139","USA"
508,"CMC-Consolidated Midland Corporation","20 Main Street"," ","Brewster","NY","","10509","USA"
509,"Bolan Pharmaceutical Inc","1237 Southridge Court #203"," ","Hurst","TX"," ","76053-4305","USA"
511,"Primedics Laboratories","15524 South Broadway"," ","Gardenia","CA","","90248","USA"
517,"Interstate Drug Exchange Inc","1500 New Horizons Boulevard","","Amityville","NY","","11701","USA"
519,"US Bioscience","100 Front Street, Suite 400","","West Conshohocken","PA","","19428","USA"
521,"Cypress Pharmaceutical Inc","135 Industrial Boulevard, PO Box 399","","Madison","MS","","39130","USA"
524,"Econolab","PO Box 85543"," ","Westland","MI"," ","48185-0543","USA"
525,"Warner Chilcott Laboratories","100 Enterprise Drive, #280","","Rockaway","NJ","","07866","USA"
526,"McGuff Pharmaceuticals Inc","2921 West MacArthur Boulevard, Suite 141","","Santa Ana","CA","","92704","USA"
529,"Stewart-Jackson Pharmacal Inc","4587 Damascus Road","","Memphis","TN","","38118","USA"
530,"EMREX/EconoMed Pharmaceuticals Inc","4305 Sartin Road","","Burlington","NC","","27217","USA"
531,"Southwood Pharmaceuticals Inc","60 Empire Drive","","Lake Forest","CA","","92630","USA"
532,"Raway Pharmacal Inc","15 Granit Road","","Accord","NY","","12404","USA"
533,"Marnel Pharmaceuticals Inc","206 Luke Street","","Lafayette","LA","","70506","USA"
535,"Alphagen Laboratories Inc","11525 N Fulton Industrial Boulevard","","Alpharetta","GA","","30201-4703","USA"
538,"Trinity Technologies Corporation","28510 Hayes Road","","Roseville","MI","","48066","USA"
539,"Roberts/Hauck Pharmaceutical Corporation","4 Industrial Way West"," ","Eatontown","NJ"," ","07724","USA"
542,"Gate Pharmaceuticals, a subsidiary of Teva","650 Cathill Road","","Sellersville","PA","","18960","USA"
546,"Ascher, B.F. and Company Inc","15501 West 109th Street"," ","Lenexa","KS","","66219-1308","USA"
549,"Stada Pharmaceuticals Inc","5 Cedar Brook Drive","","Cranbury","NJ","","08512","USA"
551,"Seatrace Pharmaceuticals","503 Hickman Street","","Gadsden","AL","","35902","USA"
553,"Apotex Corporation","2400 North Commerce Parkway Suite 400","","Weston","FL","","33326","USA"
556,"US Trading Corporation","10718 McCune Avenue"," ","Los Angeles","CA","","90034-6292","USA"
557,"Scot-Tussin Pharmacal","50 Clemence Street P O Box 8217","","Cranston","RI","","02920-0217","USA"
558,"Lannett Company Inc","9000 State Road","","Philadelphia","PA","","19136","USA"
561,"Creighton Products Corporation","59 Route 10"," ","East Hanover","NJ"," ","07936","USA"
564,"Vangard Labs Inc","890 North L Rogers Wells Boulevard, PO Box 1209","","Glasgow","KY","","42141","USA"
566,"Laser Pharmaceuticals","2200 West 97th Place","","Crown Point","IN","","46307","USA"
567,"Hi-Tech Pharmacal Company Inc","369 Bayview Avenue","","Amityville","NY","","11701-2801","USA"
568,"Elge Inc","PO Box 944"," ","Richmond","TX","","77406-0944","USA"
571,"Lilly, Eli and Company","Lilly Corporate Center"," ","Indianapolis","IN","","46285","USA"
572,"Pamlab LLC","PO Box 8950","","Mandeville","LA","","70470-8950","USA"
581,"Pharmaceutical Corporation of America","12348 Hancock Street"," ","Carmel","IN","","46032","USA"
582,"Mason Distributors Inc","5105 NW 159th Street","","Hialeah","FL","","33014","USA"
584,"ESI Lederle Generics","PO Box 41502"," ","Philadelphia","PA","","19101","USA"
592,"Liquipharm Inc","10716 McCune Avenue","","Los Angeles","CA","","90034","USA"
593,"US Pharmaceutical Corporation","2401-C Mellon Court","","Decatur","GA","","30035","USA"
594,"OCuSOFT","PO Box 429","","Richmond","TX","","77406-0429","USA"
599,"Bio-Tech Pharmacal Inc","PO BOX 1927","","Fayetteville","AR","","72702","USA"
602,"Logen","80 Red Schoolhouse Road, #226"," ","Chestnut Ridge","NJ","","10977","USA"
604,"Thames Pharmaceuticals Inc","2100 Fifth Avenue","","Ronkonkoma","NY","","11779","USA"
610,"Pharm Tech Packaging Corporation","18 Cornell Avenue"," ","Hobart","NY"," ","13788","USA"
612,"Med-Pro Inc","210 East Fourth Street"," ","Lexington","NE","","68850","USA"
617,"Mission Pharmacal Company","PO Box 786099"," ","San Antonio","TX","","78278-6099","USA"
619,"Hauser, A.F. Inc","4401 E US Highway 30","","Valparaiso","IN","","46383-9573","USA"
621,"Alpha Therapeutic Corporation","5555 Valley Boulevard","","Los Angeles","CA","","90032","USA"
622,"Bayer Allergy Products","430 South Beiger Street"," ","Mishawaka","IN","","46544","USA"
624,"International Medication Systems, Limited","1886 Santa Anita Avenue","","South El Monte","CA","","91733","USA"
625,"Novation","125 East John Carpenter Freeway","","Irving","TX","","75062","USA"
627,"Carolina Medical Products Company","PO Box 147","","Farmville","NC","","27828","USA"
631,"Dixon-Shane Inc","256 Geiger Road","","Philadelphia","PA","","19115","USA"
668,"Palisades Pharmaceuticals Inc","83 North Summit Street"," ","Tenafly","NJ"," ","07670","USA"
679,"Camall Company","70945 VanDyke Avenue","","Romeo","MI","","48065","USA"
680,"Pratt Pharmaceuticals Division","235 East 42nd Street"," ","New York","NY"," ","10017-5755","USA"
689,"Medicis Pharmaceutical Corporation","8125 North Hayden Road","","Scottsdale","AZ","","85258","USA"
690,"Marlop Pharmaceuticals Inc","230 Marshall Street","","Elizabeth","NJ","","07206","USA"
698,"Sclavo Inc","5 Mansord Court"," ","Wayne","NJ","","07470","USA"
700,"Dermol Pharmaceuticals Inc","3807 Roswell Road","","Marietta","GA","","30062","USA"
701,"Torrance Company","800 Lenox Avenue","","Portage","MI","","49002","USA"
705,"Xactdose Inc","722 Progessive Lane"," ","South Beloit","IL","","61080","USA"
707,"Miza Pharmaceuticals","4950 Younge Street Suite 2001","","Toronto","ON","","M2N6K1","CAN"
709,"Merz Pharmaceuticals","4215 Tudor Lane"," ","Greensboro","NC"," ","27410","USA"
710,"Physicians Total Care","5415 South 125th East Avenue, Suite 205","","Tulsa","OK","","74146-6214","USA"
711,"General Injectables and Vaccines Inc","US Highway 52"," ","Bastian","VA","","24314-0009","USA"
714,"Ampharco Inc","9549A Bolsa Avenue","","Westminster","CA","","92683","USA"
718,"Greenstone Limited","8225 Moors Bridge Road","","Portage","MI","","49002","USA"
724,"GM Pharmaceuticals","PO Box 150312"," ","Arlington","TX","","76015","USA"
725,"American Urologicals Inc","10031 Pines Boulevard, Suite 216","","Pembroke Pines","FL","","33024","USA"
726,"Glenwood Inc","111 Cedar Lane ","P O Box 5419","Englewood","NJ","","07631","USA"
727,"Pharmacist's Choice","2444 Ranch Drive"," ","Springfield","OR","","97477","USA"
731,"Lotus Biochemical Corporation","7335 Lee Highway"," ","Radford","VA","","24141","USA"
733,"Heartland Healthcare Services","4755 South Avenue"," ","Toledo","OH","","43615","USA"
734,"Ross Product Division Pharmaceuticals","625 Cleveland Avenue","","Columbus","OH","","43215","USA"
736,"R.I.D. Inc","609 N Mednik Avenue","","Los Angeles","CA","","90022","USA"
737,"Otsuka American Pharmaceuticals Inc","2440 Research Boulevard"," ","Rockville","MD","","20850","USA"
739,"Graceway Pharmaceuticals, LLC","881 Mountain View Drive","","Piney Flats","TN","","37686","USA"
740,"Genetco Inc","711 Union Parkway"," ","Ronkonkoma","NY","","11779","USA"
742,"Ocumed Inc","119 Harrison Avenue"," ","Roseland","NJ","","07068","USA"
744,"Alcon Laboratories Inc","6201 S Freeway"," ","Fort Worth","TX"," ","76134-2099","USA"
745,"Insource Inc","PO Box 39","","Bland","VA","","24315","USA"
750,"Seneca Pharmaceuticals","PO Box 25021","","Raleigh","NC","","27611","USA"
751,"Sandocare Divison","Sandoz Corporation"," ","East Hanover","NJ","","07936","USA"
754,"Vita Elixir Company Inc","PO Box 92026","","Atlanta","GA","","30314","USA"
755,"Medtronic Neurological","710 Medtronic Parkway","","Minneapolis","MN","","55432","USA"
757,"Stratus Pharmaceuticals Inc","14377 South West 142nd Street","","Miami","FL","","33186","USA"
760,"Neutrogena Corporation","5760 W 96th Street"," ","Los Angeles","CA","","90045","USA"
762,"Edwards Lifesciences","One Edwards Way","","Irvine","CA","","92614","USA"
764,"Lunsco Inc","Route 2"," ","Pulaski","VA","","24391","USA"
771,"Highland Packaging","6244 Lemay Ferry"," ","St. Louis","MO","","63129","USA"
772,"Winsor Pharmaceuticals","1211 Sherwood Avenue, PO Box 85054","","Richmond","VA","","23261","USA"
773,"Beach Pharmaceuticals","5220 S Manhattan Avenue, PO Box 13447","","Tampa","FL","","33681","USA"
774,"Balan, J.J. Inc","5725 Foster Avenue","","Brooklyn","NY","","11234","USA"
775,"Marin Pharmaceutical","1730 NW 79th Ave","","Miami","FL","","33126-1111","USA"
776,"Nomax Inc","40 N Rock Hill Road"," ","St. Louis","MO","","63119","USA"
777,"Denison Pharmaceuticals Inc","60 Dunnell Lane, PO Box 1305","","Pawtucket","RI","","02860","USA"
778,"Fleming and Company","1600 Fenpark Drive"," ","Fenton","MO","","63026","USA"
779,"Solo Pak Medical Products Inc","6001 Broken Sound Pkwy #600"," ","Boca Raton","FL","","33487","USA"
780,"Effcon Laboratories","1800 Sandy Plain Parkway Suite 102","","Marietta","GA","","30066","USA"
781,"Nabi Biopharmaceuticals","12280 Wilkins Avenue","","Rockville","MD","","20852","USA"
787,"Delmont Laboratories Inc","715 Harvard Avenue","","Swarthmore","PA","","19081","USA"
791,"Hermal Dermatology Group","163 Delaware Avenue","","Delmar","NY","","12054","USA"
792,"Manufacturing Chemists Inc","5767 Thunderbird Road"," ","Indianapolis","IN","","46236","USA"
793,"Physicians Formulary Services Inc","1101 East Colonial Drive"," ","Orlando","FL","","32803","USA"
795,"ECR Pharmaceuticals","3969 Deep Rock Road","P O Box 71600","Richmond","VA","","23233-1600","USA"
796,"Alexander James Corporation","845 Route 94"," ","Blairstown","NJ","","07825","USA"
798,"Newton Industries","1 Hicks Avenue"," ","Newton","NJ","","07860","USA"
800,"Shionogi Qualicaps Inc","6505 Franz Warner Parkway","","Whitsett","NC","","27377","USA"
807,"Kendall Healthcare Products","15 Hampshire Street","","Mansfield","MA","","02048","USA"
808,"VersaPharm Inc","1775 West Oak Parkway","","Marietta","GA","","30062","USA"
816,"Cenci, H.R. Labs Inc","PO Box 12524","","Fresno","CA","","93778","USA"
820,"Venture Pharmaceuticals","3115 Northington Court","","Florence","AL","","35630","USA"
821,"EyeSupply USA","10770 N 46th Street, Suite C-700","","Tampa","FL","","33617","USA"
822,"R-A Pharmaceuticals","4625 Warm Springs Road","","Columbus","GA","","31908","USA"
824,"Medi-Plex Pharmaceuticals Inc","3981 Deep Rock Road"," ","Richmond","VA"," ","23233","USA"
828,"McNeil, R.A., Company","1210 E Dallas Road","","Chattanooga","TN","","37405","USA"
830,"Reckitt Benckiser Pharmaceuticals Inc","1901 Huguenot Road Suite 300","","Richmond","VA","","23235","USA"
843,"OHM Laboratories Inc","600 College Road East","","Princeton","NJ","","08540","USA"
848,"MCR American Pharmaceuticals Inc","16206 Flight Path Drive","","Brookville","FL","","34604","USA"
855,"Nephro-Tech Inc","PO Box 16106","","Shawnee","KS","","66203","USA"
856,"Hillestad Pharmaceuticals Inc","178 US Highway 51 North PO Box 1700","Attn: David Dorn","Woodruff","WI","","54568","USA"
865,"American National Red Cross","P.O. Box 21008","","Chicago","IL","","60643","USA"
869,"Allergan Inc","2525 Dupont Drive","P O Box 19534","Irvine","CA","","92612","USA"
873,"Vitaline Corporation","385 Williamson Way"," ","Ashland","OR","","97520","USA"
876,"SDI Laboratories Inc","4308-10 Regency Drive"," ","Glenview","IL","","60025","USA"
878,"McKesson Drug Company","One Post Street, 12 th floor"," ","San Franciscco","CA","","94104-5296","USA"
879,"Primatec Pharmaceutical Inc","567 Liberty Lane, PO Box 778"," ","West Kingston","RI","","02892","USA"
882,"A-A Spectrum Healthcare Products","14422 S San Pedro Street","","Gardena","CA","","90248","USA"
890,"Numark Laboratories Inc","PO Box 6321"," ","Edison","NJ","","08818","USA"
891,"Marlex Pharmaceuticals","50 Mc Collough Drive","Southgate Center","New Castle","DE","","19720","USA"
892,"Smith & Nephew Wound Management Division","11775 Starkey Road","","Largo","FL","","33773","USA"
894,"Freeda Vitamins Inc","36 E 41st Street","","New York","NY","","10017","USA"
896,"National Vitamin Company Inc","2075 West Scranton Avenue"," ","Porterville","CA","","93257-8358","USA"
899,"Tyson Neutraceuticals Inc","12832 Chadron Avenue","","Hawthorne","CA","","90250","USA"
901,"Hudson Corporation","90 Orville Drive"," ","Bohemia","NY","","11716","USA"
902,"Chattem Consumer Products","1715 W 38th Street","","Chattanooga","TN","","37409","USA"
903,"Thompson Medical Company Inc","222 Lakeview Avenue","","West Palm Beach","FL","","33401","USA"
907,"Integra Chemical Company","710 Thomas Avenue SW","","Renton","WA","","98055","USA"
908,"Columbia Laboratories Inc","354 Eisnhower Parkway Plaza 1"," ","Livingston","NJ","","07039","USA"
909,"Medisca Inc","661 Route 3, Unit C"," ","Plattsburgh","NY","","12901","USA"
911,"Baker, J.T. Inc","222 Red School Lane"," ","Phillipsburg","NJ","","08865","USA"
913,"Family Pharmacy","PO Box 1027"," ","Southeastern","PA","","19398-1027","USA"
914,"Republic Drug Company Inc","175 Great Arrow"," ","Buffalo","NY","","14207","USA"
915,"Pfeiffer Pharmaceuticals Inc","71 University Avenue SW, PO Box 4447","","Atlanta","GA","","30315","USA"
916,"Scherer Laboratories Inc","120 Interstate North Parkway Suite 305","","Atlanta","GA","","30339","USA"
918,"Yerba Prima","740 Jefferson Avenue","","Ashland","OR","","97520-3743","USA"
919,"Ciba Self-Medication Inc","59 Route 10"," ","East Hanover","NJ"," ","07936","USA"
922,"Menley and James Laboratories Inc","100 Tournament Drive, Commonwealth Corporate Center","","Horsham","PA","","19044","USA"
923,"Altaire Pharmaceuticals Inc","311 West Lane","P O Box 849","Aquebogue","NY","","11931","USA"
927,"Schering-Plough Healthcare Products","3030 Jackson Avenue","","Memphis","TN","","38151","USA"
928,"American Drug Industries Inc","5810-20 South Perry Avenue"," ","Chicago","IL","","60621","USA"
931,"Humco Holding Group","7400 Alumax Drive","","Texarkana","TX","","75501","USA"
933,"Guardian Labs, div United-Guardian Inc","230 Marcus Boulevard, PO Box 18050","","Hauppage","NY","","11788","USA"
937,"Block Drug Company","257 Cornelison Avenue","","Jersey City","NJ","","07307","USA"
938,"Weleda Inc","175 North Route 9W","","Congers","NY","","10920","USA"
939,"Ortho-Clinical Diagnostics Inc","1001 US Highway 202 South","","Raritan","NJ","","08869","USA"
940,"ADH Health Products Inc","215 North Route 303"," ","Congers","NY","","10920-1726","USA"
941,"Lex Pharmaceutical Manufacturing and Packaging","7155 North 77th Terrace","","Medley","FL","","33166","USA"
942,"Rexall Consumer Products","851 Broken Sound Parkway NW","","Boca Raton","FL","","33487","USA"
943,"Natural Nutritionals Company","200 Webro Road"," ","Parsippany","NJ"," ","07054","USA"
944,"Baker Cummins Dermatologicals","4400 Biscayne Boulevard","","Miami","FL","","33137","USA"
946,"Mericon Industries Inc","8819 N Pioneer Road","","Peoria","IL","","61615","USA"
947,"Del Pharmaceuticals","187 EAB Plaza","","Uniondale","NY","","11556","USA"
948,"MedTech Inc","90 North Broadway","","Irvington","NY","","06851","USA"
950,"Kingswood Laboratories Inc","10375 Hague Road","","Indianapolis","IN","","46256","USA"
951,"Amkas Laboratories Inc","4217 Commercial Way","","Glenview","IL","","60025","USA"
953,"Mentholatum Company, The","707 Sterling Drive","","Orchard Park","NY","","14127","USA"
954,"Vita-Rx Corporation","4625 Warm Springs Road P O Box 8229","","Columbus","GA","","31908","USA"
956,"Johnson and Johnson/Merck Consumer","7050 Camp Hill Road","","Fort Washington","PA","","19034","USA"
957,"Milex Products","4311 North Normandy","","Chicago","IL","","60634","USA"
958,"Dickinson Brands Inc","31 East High Street","","East Hampton","CT","","06424","USA"
961,"Fruit of the Earth Inc","PO Box 152044"," ","Irving","TX","","75015-2044","USA"
963,"Williams,T.E.","PO Box 1520","","Guthrie","OK","","73044","USA"
964,"Health Products Corporation","1060 Nepperhan Avenue","","Yonkers","NY","","10703-1413","USA"
967,"Humphreys Pharmacal Inc","63 Meadow Road"," ","Rutherford","NJ","","07070","USA"
968,"Graham Field Health Products","2935 Northeast Parkway","","Atlanta","GA","","30360","USA"
972,"Ulmer Pharmacal","P O Box 408","","Park Rapids","MN","","56470-0408","USA"
973,"Milance Laboratories Inc","PO Box 368"," ","Millington","NJ","","07946","USA"
974,"Young, W.F. Inc","302 Benton Drive","","East Longmeadow","MA","","01028","USA"
978,"Summers Laboratories Inc","103 G. P. Clement Drive","","Collegeville","PA","","19426","USA"
979,"Syosset Laboratories Company","150 Eileen Way"," ","Syosset","NY","","11791","USA"
980,"Blistex","1800 Swift Drive"," ","Oak Brook","IL","","60521","USA"
985,"Blairex Labs Inc","3240 North Indianapolis Road"," ","Columbus","IN","","47202","USA"
987,"Basic Vitamins","300 Corporate Center Drive ","P O Box 412","Vandalia","OH","","45377","USA"
988,"Manne Company","PO Box 825","","Johns Island","SC","","29457","USA"
997,"Niche Pharmaceuticals Inc","200 N Oak Street, PO Box 449","","Roanoke","TX","","76262-0449","USA"
998,"Optimox Corporation","2720 Monterey Street, Suite 406"," ","Torrance","CA","","90503","USA"
1001,"Walker Pharmacal","4200 Laclede Avenue"," ","St. Louis","MO","","63108","USA"
1003,"Bergen Brunswig Drug Company","4000 Metropolitan Drive","","Orange","CA","","92668","USA"
1008,"Nature Made Vitamins","P.O. Box 9606","","Mission Hills","CA","","91346-9606","USA"
1010,"Advanced Nutritional Technology Inc","6988 Sierra Court","","Dublin","CA","","94568-2641","USA"
1011,"ME Pharmaceuticals, div. of Vesco Inc","2800  SE Parkway, Box 565"," ","Richmond","IN","","47375","USA"
1012,"Mitchell, F. A., Co Inc","15 Churchill Terrace"," ","Newtonville","MA","","02160","USA"
1013,"Lorann Oils","PO Box 22009","","Lansing","MI","","48909","USA"
1014,"Greer Laboratories Inc","639 Nuway Circle","P O Box 800","Lenoir","NC","","28645-0800","USA"
1016,"Stellar Pharmacal Corporation","1990 Northwest 44th Street","","Pompano Beach","FL","","33364","USA"
1018,"Rystan Company Inc","PO Box 214","","Little Falls","NJ","","07424-0214","USA"
1019,"Gilead Sciences","333 Lakeside Drive"," ","Foster City","CA","","94404","USA"
1020,"Triton Consumer Products Inc","561 West Golf Road"," ","Arlington Heights","IL","","60005","USA"
1026,"Cumberland-Swan Inc","One Swan Drive"," ","Smyrna","TN","","37167","USA"
1027,"P & S Laboratories Inc","210 West 131st Street","","Los Angeles","CA","","90061","USA"
1029,"Can-Am Care Corporation","3780 Mansell Road T-50","","Alpharetta","GA","","30022","USA"
1030,"Celltech Pharmaceuticals Inc","755 Jefferson Road","P O Box 31710","Rochester","NY","","14623-1710","USA"
1032,"Faro Pharmaceuticals Inc","135 Roue 202-206","Bed One Swecond Floor","Bedminster","NJ","","07921","USA"
1033,"Halocarbon Products Corp","887 Kinderkamack Road","","River Edge","NJ","","07661","USA"
1034,"*Mylan Bertek Pharmaceuticals Inc","PO Box 5047","","Sugar Land","TX","","77487-5047","USA"
1035,"Clinipad Corporation","PO Box 387","","Guilford","CT","","06437","USA"
1039,"*Escalon Ophthalmics Inc","182 Tamarack Circle","","Skillman","NJ","","08558","USA"
1045,"Arzol Chemical","12 Norway Avenue #2","","Keene","NH","","03431","USA"
1119,"*Aventis Pharmaceuticals","500 Arcola Road, PO Box 1200","","Collegeville","PA","","19426-0107","USA"
1131,"Nephron Pharmaceuticals","4121 Southwest 34th Street","","Orlando","FL","","32811-6458","USA"
1132,"Reese Pharmaceutical Company","10617 Frank Avenue","","Cleveland","OH","","44106","USA"
1135,"Coria Laboratories Ltd","3909 Hullen","","Fort Worth","TX","","76107","USA"
1136,"Perrigo, L. Company","117 Water Street","","Allegan","MI","","49010","USA"
1137,"Fluoritab Corporation","1071 Woodside Road","","Muskegon","MI","","49441","USA"
1140,"Ambix Laboratories","210 Orchard Street"," ","East Rutherford","NJ","","07073","USA"
1141,"Chemrich Laboratories","5211 Telegraph Road"," ","Los Angeles","CA","","90022","USA"
1142,"Contract Pharmacal Corporation","135 Adams Avenue","","Hauppage","NY","","11788","USA"
1144,"Columbia Drug Company","1824 Cunningham Road"," ","Columbia","SC","","29221","USA"
1145,"Perry Medical Products","6400 Southwest Rosewood Street","","Lake Oswego","OR","","97035","USA"
1146,"Longs Drug Company","141 North Civic Drive"," ","Walnut Creek","CA","","94596","USA"
1147,"New York Blood Center","310 E 67th Street","","New York","NY","","10021","USA"
1149,"Concord Laboratories","140 New Dutch Lane"," ","Fairfield","NJ","","07004","USA"
1150,"Pennex Laboratories","6451 West Main Street","","Morton grove","IL","","60053","USA"
1153,"Rose Laboratories","168 Cottage Road","","Madison","CT","","06443","USA"
1154,"Spectrum Chemical","14422 S San Pedro Street","","Gardena","CA","","90248","USA"
1155,"Hercon Laboratories","1212 Avenue of the Americas","","New York","NY","","10036","USA"
1157,"Mas Laboratories Inc","50 Lake Drive"," ","East Windsor","NJ","","08520","USA"
1158,"Breckenridge Pharmaceutical Inc","1141 South Rogers Circle Suite 3","","Boca Raton","FL","","33487","USA"
1159,"*Cardinal Health","5555 Glendon Court","","Dublin","OH","","43016","USA"
1160,"Generamed Inc","PO Box 417248","","Sacramento","CA","","95841","USA"
1163,"Able Laboratories Inc","6 Hollywood Court","","South Plainfield","NJ","","07080","USA"
1164,"Carrington Laboratories","2001 Walnut Hill Lane","","Irving","TX","","75062","USA"
1165,"RIJ Pharmaceutical Company","40 Commercial Avenue"," ","Middletown","NY","","10940","USA"
1167,"Carpenter Pharmaceuticals","PO Box 93","","Quitman","MS","","39355","USA"
1168,"Auro Pharmaceutical","3700 Science Center"," ","Philadelphia","PA","","19104","USA"
1170,"Geri-Care Pharmaceuticals","1650 63rd Street","","Brooklyn","NY","","11204","USA"
1171,"Kirkman Laboratories Inc","6400 SW Rosewood Street","","Lake Oswego","OR","","97035","USA"
1173,"Dawn Pharmaceutical","4555 West Addison Street"," ","Chicago","IL","","60641","USA"
1176,"Global Source Management","3001 North 29th Avenue"," ","Hollywood","FL","","33020","USA"
1177,"Apothecon Inc","PO Box 4500"," ","Princeton","NJ","","08543","USA"
1178,"Hamilton Pharma Inc","340 Kingsland Street"," ","Nutley","NJ","","07110","USA"
1179,"Golden State Medical Supply","27644 N Newhall Ranch Road, Suite 40","","Valencia","CA","","91355","USA"
1182,"Salix Pharmaceuticals","8540 Colonnade Center Drive"," ","Raleigh","NC","","27615","USA"
1183,"Kremers Urban","P O Box 427","","Mequon","WI","","53092","USA"
1188,"Actavis U.S. (Alpharma USPD)","10065 Red Run Boulevard","","Owings Mills","MD","","21117","USA"
1189,"PD-RX Pharmaceuticals","727 North Ann Arbor Avenue","","Oklahoma City","OK","","73127","USA"
1190,"Pharma Pac","513 Sandydale Drive"," ","Nipomo","CA","","93444","USA"
1191,"Teva Pharmaceuticals USA","1090 Horsham Road","","North Wales","PA","","19454","USA"
1192,"Medique Products","900 Lively Boulevard","","Wood Dale","IL","","60191","USA"
1193,"J. B. Williams Company Inc","65 Harristown Road","","Glen Rock","NJ","","07452","USA"
1195,"Nature's Bounty","2100 Smithtown Avenue","","Ronknokoma","NY","","11779","USA"
1197,"Xttrium Laboratories","415 West Pershing Road","","Chicago","IL","","60609","USA"
1200,"Rush and Hebble","1936 S Lynhurst Drive # R","","Indianapolis","IN","","46241","USA"
1201,"Requa Inc","1 Seneca Place"," ","Greenwich","CT","","06830","USA"
1203,"Novel Pharmaceutical","PO Box 14588","","Research Triangle Park","NC","","27709","USA"
1204,"Miller Pharmacal Group Inc","350 Randy Road, Unit 2"," ","Carol Stream","IL","","60188","USA"
1205,"Church & Dwight Co Inc","469 N. Harrison Street","","Princeton","NJ","","08543","USA"
1218,"Baker Norton Pharmaceuticals","4400 Biscayne Boulevard","","Miami","FL","","33137","USA"
1223,"Gray Pharmaceutical Company","100 Connecticut Avenue"," ","Norwalk","CT","","06856","USA"
1225,"Agouron Pharma Inc","10350 North Torrey Pines Court"," ","La Jolla","CA"," ","92037-1020","USA"
1236,"Harmony Laboratories","1109 South Main Street","P O Box 39","Landis","NC","","28088","USA"
1237,"Beta Dermaceuticals Inc","PO Box 691106","","San Antonio","TX","","78269","USA"
1240,"Stafford-Miller","PO Box 2038","","Milwaukee","WI","","53201","USA"
1241,"Baron Pharmaceutical","4503 NW 103 Avenue #103","","Sunrise","FL","","33351","USA"
1246,"Biodevelopment Corporation","8180 Greensboro Drive, Suite 1000","","Mclean","VA","","22102","USA"
1255,"Komax Pharmaceuticals Inc","2501 Pan Am Boulevard","","Elk Grove Village","IL","","60007","USA"
1267,"Otis Clapp and Son","115 Shawmut Road, PO Box 9160","","Canton","MA","","01021","USA"
1268,"Weeks and Leo","4000 NW 100th Street, PO Box 3570","","Des Moines","IA","","50322","USA"
1271,"Combe Inc","1101 Westchester Avenue"," ","White Plains","NY","","10604","USA"
1273,"Arco Pharmaceuticals","90 Orville Drive","","Bohemia","NY","","11716","USA"
1275,"Leiner Health Products","901 East 223rd Street"," ","Carson","CA"," ","90745","USA"
1279,"Lafayette Pharmaceuticals","526 North Earl Avenue"," ","Lafayette","IN"," ","47904-2819","USA"
1280,"VIASYS Healthcare","227 Washington Street, Suite 200","","Conshohocken","PA","","19428","USA"
1283,"Martin Himmel Inc","PO Box 5479","","Lake Worth","FL","","33466","USA"
1284,"ValMed Inc","221 Spring Street","","Shrewsbury","MA","","01545","USA"
1287,"Novartis Consumer Health","200 Kimball Drive","","Parsippany","NJ","","07054","USA"
1290,"Jordan Medical Enterprises","202 Oaklawn Avenue","","South Pasadena","CA","","91030","USA"
1292,"Cypros Pharmaceuticals","2714 Loker Avenue W"," ","Carlsbad","CA","","92008","USA"
1293,"Advanced Vision Research","7 Alfred Street #200","","Woburn","MA","","01801","USA"
1297,"Pro-Med","6731 Industrial Avenue"," ","Port Richey","FL","","34668","USA"
1298,"PTS Laboratories","8100 Secura Way"," ","Santa Fe Springs","CA"," ","90670","USA"
1301,"Medicine Shoppe","1100 North Lindbergh"," ","St. Louis","MO","","63132","USA"
1303,"Birchwood Laboratories","7900 Fuller Road","","Eden Prairie","MN","","55344","USA"
1304,"Health Care Products","369 Bayview Avenue"," ","Amityville","NY","","11701","USA"
1307,"Hogil Pharmaceutical","2 Manhattanville Road"," ","Purchase","NY","","10577","USA"
1309,"Vision Pharmaceutical","1022 North Main, PO Box 400","","Mitchell","SD","","57301","USA"
1310,"SSS Company","71 University Avenue SW, PO Box 4447","","Atlanta","GA","","30302","USA"
1311,"Vetco Pharmaceutical","6175 NW 167th Street"," ","Miami","FL","","33016","USA"
1313,"Hisamitsu Pharmaceutical","369 Bayview Avenue","","Amityville","NY","","11701","USA"
1314,"AT Last Naturals","401 Columbus Avenue","","Valhalla","NY","","10595","USA"
1315,"Fischer Pharmaceutical","165 Gilbraltar Court"," ","Sunnyvale","CA"," ","94089","USA"
1316,"Unilever US","390 Park Avenue","","New York","CT","","10022-4698","USA"
1317,"Vitamed","3935 Grove Avenue"," ","Gurnee","IL","","60031","USA"
1318,"Nutramax Laboratories Inc","2208 Lakeside Boulevard","","Edgewood","MD","","21040","USA"
1320,"Omegacaps","1125 North Corporate Drive"," ","Mobile","AL","","36607","USA"
1322,"Transdermal Technologies","1368 North Killian Drive"," ","North Palm Beach","FL","","33403","USA"
1323,"Cyclin Pharmaceutical","429 Gammon Place, PO Box 259651","","Madison","WI","","53725","USA"
1324,"Sato Pharmaceuticals","20521 Earl Street"," ","Torrance","CA"," ","90503","USA"
1325,"Kiwi Brands","447 Old Swede Road"," ","Douglassville","PA","","19518","USA"
1326,"Coloplast Inc","1975 West Oak Circle","","Marietta","GA","","30062","USA"
1327,"Lake Consumer Products Inc","730 Corporate Woods Parkway,The Corporate Woods","","Vernon Hills","IL","","60061","USA"
1328,"Apothecus Inc","220 Townsend Square","","Oyster Bay","NY","","11771","USA"
1331,"Geritrex Corporation","144 Kingsbridge Road East","","Mount Vernon","NY","","10550","USA"
1332,"Dairy Association","91 Williams Street","","Lindonville","VT","","05851","USA"
1335,"Oakhurst Company","3000 Hempstead Turnpike"," ","Levittown","NY","","11756","USA"
1337,"Kerr, Frank Chemical Company","43155 West Nine Mile Road"," ","Novi","MI","","48376","USA"
1338,"Kos Pharmaceuticals","1001 Brickell Bay Drive"," ","Miami","FL","","33131","USA"
1339,"Mayer Laboratories","646 Kennedy Street Building C","","Oakland","CA","","94606","USA"
1340,"Procyte Corporation","8511 154th Avenue NE","","Redmond","WA","","98052","USA"
1341,"Bard CR","730 Central Avenue","","Murray Hill","NJ","","07974","USA"
1342,"Merrick Medicine Company","PO Box 1489","","Waco","TX","","76703","USA"
1346,"Taylor Pharmaceuticals","2500 Millbrook Drive","","Buffalo Grove","IL","","60089","USA"
1347,"Kenwood Laboratories","383 Route 46 West"," ","Fairfield","NJ","","07004-2402","USA"
1348,"Premier Consumer Products Inc","106 Grand Avenue","","Englewood","NJ","","07631","USA"
1349,"Magno-Humphries Inc","8800 SW Commercial Street"," ","Tigard","OR","","97223-6252","USA"
1350,"American Pharmaceutical Partners","1101 Perimeter Drive 300"," ","Schaumberg","IL","","60173","USA"
1351,"Vivus Inc","1172 Castro Street"," ","Mountain View","CA","","94040","USA"
1352,"Dermasciences","214 Carnegie Center, Suite 100"," ","Princeton","NJ"," ","08540","USA"
1353,"Swiss-America","9201 Oakdale Avenue"," ","Chatsworth","CA"," ","91311","USA"
1354,"Neurex","3760 Haven Avenue"," ","Menlo Park","CA"," ","94025","USA"
1355,"Genetics Institute","87 Cambridge Park Drive"," ","Cambridge","MA"," ","02140","USA"
1356,"Dover Pharmaceutical","PO Box 809"," ","Islington","MA","","2090","USA"
1357,"Jazz Pharmaceuticals","3180 Porter Drive","","Palo Alto","CA","","94304","USA"
1358,"PathoGenesis","5215 Old Orchard Road, Suite 910"," ","Skokie","IL","","60077","USA"
1359,"Ucyclyd Pharma","8125 North Hayden Road"," ","Scottsdale","AZ","","85258","USA"
1360,"Brightstone Pharma","109 MacKenan Drive"," ","Carey","NC"," ","27511","USA"
1361,"Daiichi Pharmaceuticals","11 Philips Parkway"," ","Montvale","NJ","","07645-1810","USA"
1362,"Rocap Division of Sabratek","1629 Prime Court #100"," ","Orlando","FL"," ","32809","USA"
1364,"Pharmascience Laboratories","295 Fire Tower Drive"," ","Tonawanda","NY","","14150-5833","USA"
1365,"Monticello Drug Company","1604 Stockton Street, PO Box 61749"," ","Jacksonville","FL","","32204","USA"
1366,"Regional Service Center","17A Everberg Road"," ","Woburn","MA"," ","01801","USA"
1367,"Unimed Pharmaceuticals","2150 East Lake Cook Road Suite 210"," ","Buffalo Grove","IL","","60089","USA"
1368,"DSC Laboratories","1979 Latimer Drive"," ","Muskegon","MI"," ","49442","USA"
1369,"Allerderm Laboratories Inc","1330 Redwood Way, Suite C"," ","Petaluma","CA","","94954","USA"
1370,"EM Pharma","724 Yorklyn Road"," ","Hockessin","DE"," ","19707","USA"
1371,"Compumed Pharmaceuticals","1517 Edwards Avenue"," ","New Orleans","LA"," ","70123","USA"
1372,"Interferon Sciences Inc","783 Jersey Avenue"," ","New Brunswick","NJ","","08901","USA"
1373,"Sage Pharmaceuticals","5408 Interstate Drive"," ","Shreveport","LA","","71109","USA"
1374,"Andrx Pharmaceuticals, a subsidiary of Watson Pharmaceuticals","4955 Orange Drive","","Davie","FL","","33331","USA"
1376,"Novartis Pharmaceuticals","One Health PLaza Building 415 Room1014C","","East Hanover","NJ","","07936","USA"
1377,"Wyeth Consumer Healthcare","5 Giraldo Farms"," ","Madison","NJ","","07940-0871","USA"
1378,"Mead Johnson & Co","2400 West Lloyd Expressway"," ","Evansville","IN","","47721","USA"
1380,"Pacific Pharma","18600 Von Karman Avenue"," ","Irvine","CA"," ","92612","USA"
1382,"Ballard Medical","12050 Lone Peak Parkway"," ","Draper","UT"," ","84020","USA"
1383,"Medco Laboratories","PO Box 864"," ","Sioux City","IA","","51102","USA"
1384,"Dermalab","625 Central Avenue"," ","Highland Park","IL"," ","60035","USA"
1385,"Celgene Corporation","86 Morris Avenue"," ","Summit","NJ","","07901","USA"
1386,"Centocor Inc","200 Great Valley Parkway"," ","Malvern","PA"," ","19355","USA"
1387,"Digestive Care Inc","1120 Win Drive"," ","Bethlehem","PA","","18017-7058","USA"
1388,"York, L. T. Company","440 East Helm Street"," ","Brookfield","MO","","64628","USA"
1389,"Ranbaxy Pharmaceuticals","4801 Executive Park Court Suite 1400"," ","Jacksonville","FL","","32216","USA"
1391,"Delta Pharmaceuticals Inc","6236 St. Andrews Road Suite 4"," ","Irmo","SC","","29063","USA"
1393,"Gynetics Inc","PO Box 8509"," ","Somerville","NJ","","08876","USA"
1394,"Expert-Med Inc","400 Andalusia Avenue"," ","Ormond","FL"," ","32174","USA"
1396,"Connetics Inc","3400 West Bayshore Road"," ","Palo Alto","CA","","94303","USA"
1397,"Pro Metic Pharma","5436 W 78th Street","","Indianapolis","IN","","46268","USA"
1398,"SangStat Medical Corporation","6300 Dumbarton Circle","","Fremont","CA","","94555","USA"
1399,"Collagenex Pharmaceuticals","41 University Drive Suite 200","","Newtown","PA","","18940-1873","USA"
1401,"Cephalon Inc","145 Brandywine Parkway","","West Chester","PA","","19380-4245","USA"
1402,"AB Generics","100 Connecticut Avenue"," ","Norwalk","CT"," ","06850","USA"
1403,"Propharma","3307 NW 74th Avenue"," ","Miami","FL"," ","33122-1252","USA"
1404,"Carma Laboratories","5801 W Airways Avenue","","Franklin","WI","","53132","USA"
1405,"Ligand Pharmaceuticals","10275 Science Center Drive","","San Diego","CA","","92121","USA"
1406,"Dermalogix Partners Inc","15 Holly Street Suite 203","P O Box 1510","Scarborough","ME","","04074","USA"
1407,"Ther-Rx Corporation","13910 St Charles Rock Road","","Bridgeton","MO","","63044","USA"
1408,"Heritage/Insight Consumer Products","5185 Campus Drive Suite 201","","Plymouth","PA","","19462","USA"
1409,"Sepracor Inc","84 Waterford Drive","","Marlborough","MA","","01752-7010","USA"
1410,"Pharmanex Inc","625 Cochran Street","","Simi Valley","CA","","93065","USA"
1411,"Capellon Pharmaceuticals","7509 Flagstone Street","","Fort Worth","TX","","76118","USA"
1414,"Bone Care International","1600 Aspen Commons","","Milddleton","WI","","53562","USA"
1415,"Adams Laboratories","14801 Sovereign Road"," ","Fort Worth","TX"," ","76155","USA"
1416,"Recsei Laboratories","330 South Kellogg Avenue, Suite M","","Goleta","CA","","99117","USA"
1417,"Takeda Pharmaceuticals America","475 Half Day Road"," ","Lincolnshire","IL"," ","60069","USA"
1418,"Hollister Incorporated","2000 Hollister Drive"," ","Libertyville","IL"," ","60048","USA"
1419,"Hawthorn Pharmaceuticals","135 Industrial Drive"," ","Madison","MS"," ","39110","USA"
1421,"Women First Healthcare","12220 El Camino Real, Suite 400","","San Diego","CA","","92130","USA"
1422,"Santen Inc","555 Gateway Drive","","Napa","CA","","94558","USA"
1423,"McKesson Packaging Inc","7101 Weddington Road","","Concord","NC","","28027","USA"
1424,"Zoetica Pharmaceutical","5 Cedarbrook Drive","","Cranbury","NJ","","08512","USA"
1425,"Virco Pharmaceuticals","1121 Virginia Avenue","","Bluefield","VA","","24605","USA"
1426,"Layton Bioscience","709 East Eveleyn Avenue","","Sunnyvale","CA","","94086","USA"
1427,"Prometheus Inc","5739 Pacific Center Drive","","San Diego","CA","","92121","USA"
1428,"Women's Capital Corporation","PO Box 5026","","Bellevue","WA","","98009","USA"
1429,"Oxford Pharmaceutical Services","1 US Highway 46W","","Totowa","NJ","","07512","USA"
1430,"Omnii Oral Pharmaceuticals","1060 First Avenue NE","","Gravette","AR","","72736","USA"
1431,"Integrity Pharmaceutical Corporation","9084 Technology Drive","","Fishers","IN","","46038","USA"
1432,"Septodont Incorporated","245 C Quigley Boulevard","","New Castle","DE","","19720","USA"
2200,"Odyssey Pharmaceuticals","72 Deforest Avenue P O Box 522","","East Hanover","NJ","","07936","USA"
2201,"Consolidated Pharmaceutical Group","6110 Robinwood Road","","Baltimore","MD","","21225","USA"
2203,"PETNet Pharmaceuticals Inc","810 Innovation Drive","","Knoxville","TN","","37932","USA"
2204,"PDK Labs Inc","145 Ricefield Lane","","Hauppauge","NY","","11788-2028","USA"
2205,"Sankyo Pharma","Two Hilton Court","","Parsippany","NJ","","07054","USA"
2209,"Cell Therapeutics Inc","201 Elliot Avenue West Suite 400","","Seattle","WA","","98119","USA"
2210,"Danco Laboratories","P O Box 4816","","New York","NY","","10185","USA"
2211,"SuperGen Inc","4140 Dublin Boulevard Suite 200","","Dublin","CA","","94568","USA"
2212,"American Health Packaging","2550 John Glenn Avenue #A","","Columbus","OH","","43217","USA"
2213,"Propst Pharmaceutical","1236 Jordan Road","","Huntsville","AL","","35811","USA"
2215,"IMX Pharmaceuticals","2295 Corporate Boulevard, Suite 131","","Boca Raton","FL","","33431","USA"
2216,"Richmond Pharmaceuticals","3991 Deep Rock Road","","Richmond","VA","","23225","USA"
2217,"Home Aid Healthcare","P O Box 801764","","Sanata Clara","CA","","91380-1764","USA"
2218,"InKine Pharmaceutical","1787 Sentry Parkway West","","Blue Bell","PA","","19422","USA"
2219,"The Medicines Company","One Cambridge Center","","Cambridge","MA","","02142","USA"
2220,"Bioglan Pharmaceutical Inc","7 Great Valley Parkway Suite 301","","Malvern","PA","","19355","USA"
2221,"Dreir Pharmaceutical","9602 North 122nd Place","","Scottsdale","AZ","","85259","USA"
2222,"DexGen Pharmaceuticals Inc","PO Box 675","","Manasquan","NJ","","08736","USA"
2223,"Methapharm Inc","2825 University Drive","","Coral Springs","FL","","33065","USA"
2225,"Amarin Pharmaceuticals Inc","25 Independence Boulevard","","Warren","NJ","","07059","USA"
2226,"Wrigley Healthcare","410 North Michigan Avenue","","Chicago","IL","","60611","USA"
2227,"Therakos Inc","437 Creamery Way","","Exton","PA","","19341","USA"
2228,"Concepts in Confidence","2500 Quantum Lakes Drive","","Boynton Beach","FL","","33426","USA"
2230,"Carlsbad Technology Inc","5923 Balfour Court","","Carlsbad","CA","","92008","USA"
2232,"Boca Pharmacal Inc","3550 NW 126th Ave","","Coral Springs","FL","","33065","USA"
2233,"Natren","3105 Willow Lane","","Westlake Village","CA","","91361","USA"
2235,"OraPharma Inc","732 Louis Drive","","Warminster","PA","","18974","USA"
2236,"Meridian Pharmaceutical Inc","1316 Commerce Drive NW","","Decatur","AL","","35601","USA"
2237,"Biovail Pharmaceuticals Inc","700 Route 202/206","","Bridgewater","NJ","","08807","USA"
2238,"Altura Pharmaceuticals","12035 E. Burke Street Suite 9","","Santa Fe Springs","CA","","90670","USA"
2239,"Boscogen Inc","11 Morgan","","Irvine","CA","","92618","USA"
2240,"Stason Pharmaceuticals Inc","11 Morgan","","Irvine","CA","","92618-2005","USA"
2242,"St. Mary's MPP","10860 Mavinee Drive","","Oro Valley","AZ","","85737","USA"
2243,"DHS Inc","11525 North Fulton Industrial Boulevard","","Alpharetta","GA","","30004","USA"
2245,"Western Research Laboratories","12208 North 32nd Street","","Phoenix","AZ","","85032","USA"
2247,"7 Oaks Pharmaceutical Corporation","161 Harry Stanley Drive","","Easley","SC","","29640","USA"
2248,"Bioport Corporation","3500 North Martin Luther King Jr. Boulevard","","Lansing","MI","","48906","USA"
2249,"Solacium Inc","175 Cabot Street","Suite 400","Lowell","MA","","01854","USA"
2250,"Prime Marketing","1175 John R","","Troy","MI","","48083","USA"
2251,"McNeil Consumer Healthcare","7050 Camp Hill Road","","Fort Washington","PA","","19034","USA"
2254,"Medeva Pharmaceuticals Inc","755 Jefferson Road","P.O. Box 1766","Rochester","NY","","14623-0000","USA"
2255,"Scios Inc","6500 Paseo Padre Parkway","","Fremont","CA","","94555","USA"
2256,"International Technidyne Corporation","8 Olsen Avenue","","Edison","NJ","","08820","USA"
2257,"Monument Pharmaceutical Inc","2228-E Papermill Road","","Winchester","VA","","22601","USA"
2258,"Nnodum Corporation","P.O. Box 19725","","Cincinnati","OH","","45219","USA"
2259,"Cooper Surgical Inc","95 Corporate Drive","","Trumbull","CT","","06611","USA"
2261,"U.S. Surgical Corporation","150 Glover Avenue","","Norwalk","CT","","06856","USA"
2262,"Rising Pharmaceuticals","411 Sette Drive, Suite N3","","Paramus","NJ","","07652","USA"
2263,"Orachem Pharmaceuticals","9990 Global Road","","Philadelphia","PA","","19115","USA"
2264,"Medefil Inc","492 Lunt Avenue","","Schnuberg","IL","","60193","USA"
2265,"Oakwood Laboratories Inc","7670 First Place","","Oakwood","OH","","44146","USA"
2266,"Reliant Pharmaceuticals LLC","110 Allen Road","","Liberty Corner","NJ","","07938","USA"
2272,"DRx Pharmaceutical Consultants","8135 North Monticello Ave","","Skokie","IL","","60076","USA"
2273,"GlaxoSmithKline Healthcare","P.O. Box 1467","","Pittsburgh","PA","","15230","USA"
2274,"Questcor Pharmaceuticals Inc.","3260 Whipple Road","","Union City","CA","","94587","USA"
2275,"Spear Dermatology Products","1247 Sussex Turnpike Suite 120","","Randolph","NJ","","07869","USA"
2276,"Cutis Pharma Inc","100 Cummings Center #421C","","Beverly","MA","","01915","USA"
2277,"PBM Pharmaceuticals","204 North Main Street","","Gordonsville","VA","","22942","USA"
2278,"Sirius Laboratories","100 Fairway Drive Suite 130","","Vernon Hills","IL","","60061","USA"
2279,"LifeCycle Ventures","3150 Brunswick Pike #230","","Lawrenceville","NJ","","08648","USA"
2280,"Actelion Pharmaceuticals US Inc","601 Gateway Boulevard","Suite 100","South San Francisco","CA","","94080","USA"
2283,"Hawkins Pharmaceutical Group","3100 East Hennepin Avenue","","Minneapolis","MN","","55413","USA"
2284,"InterMune Pharmaceuticals","3280 Bayshore Boulevard","","Brisbane","CA","","94005","USA"
2285,"*ZLB Bioplasma Inc","801 North Brand Boulevard Suite 1150","","Glendale","CA","","91203","USA"
2288,"Rare Disease Therapeutics Inc","1101 Kermit Drive Suite 608","","Nashville","TN","","37217","USA"
2289,"Inverness Medical Innovations Inc","51 Sawyer Road, Suite 200","","Waltham","MA","","02453-3448","USA"
2292,"Xanodyne Pharmacal Inc","7310 Turfway Road Suite 490","","Florence","KY","","41042","USA"
2293,"Bristol-Myers Squibb Medical Imaging","331 Treble Cove Road","","Billerica","MA","","01862","USA"
2294,"WellSpring Pharmaceutical Corporation","1430 State Route 34 North","","Neptune","NJ","","07753","USA"
2295,"LEK Pharmaceuticals","115 North Third Street Suite 301","","Wilmington","NC","","28401","USA"
2299,"Xcel Pharmaceuticals Inc","6363 Greenwich Drive Suite 100","","San Diego","CA","","92122","USA"
2300,"Alpine Biologics Inc","33 Kings Highway","","Orangeburg","NY","","10962","USA"
2302,"United Therapeutics Corporation","1110 Spring Street","","Silver Spring","MD","","20910","USA"
2304,"Prescript Pharmaceuticals","39 California Avenue #101","","Pleasanton","CA","","94566-6273","USA"
2306,"Aura Laboratories","4001 SW 47th Avenue","","Fort Lauderdale","FL","","33314","USA"
2308,"Penn Laboratories Inc","3 Franklin Plaza","PO Box 7929","Philadelphia","PA","","19101","USA"
2310,"Neoteric Cosmetics Inc","4880 Havana Street","","Denver","CO","","80239","USA"
2311,"Zyber Pharmaceuticals Inc","208 Eastbank Drive","","Gonzales","LA","","70737","USA"
2313,"Bartor Pharmacal Co, Inc","70 High Street","","Rye","NY","","10580","USA"
2316,"aaiPharma","2320 Scientific Park Drive","","Wilmington","NC","","28405","USA"
2318,"Medi-Hut Inc","1935 Swarthmore Avenue","","Lakewood","NJ","","08701","USA"
2319,"Pharmion Corporation","2525 28th Street","","Boulder","CO","","80301","USA"
2320,"Guilford Pharmaceuticals","6611 Tributary Street","","Baltimore","MD","","21224","USA"
2322,"Nastech Pharmaceutical Company Inc","3450 Monte Villa Parkway","","Bothell","WA","","98021","USA"
2323,"RxElite","1406 North Main Street Suite 214","","Meridian","ID","","83642-1795","USA"
2325,"Repligen Corporation","41 Seyon Street","Building #1, Suite 100","Waltham","MA","","02453","USA"
2326,"Pharmelle LLC","890 North Lafayette Street","","Florissant","MO","","63031","USA"
2327,"Bryan Corporation","4 Plympton Street","","Woburn","MA","","01801","USA"
2328,"Savient Pharmaceuticals","One Tower Center 14th Floor","","East Brunswick","NJ","","08830","USA"
2329,"Auxilium Pharmaceuticals Inc","160 West Germantown Pike D-5","","Norristown","PA","","19401","USA"
2331,"Romark Laboratories L.C.","6200 Courtney Campbell Causeway","Suite 880","Tampa","FL","","33607","USA"
2334,"DRJ Group Inc","2075 Corte Del Nogal, Suite W","","Carlsbad","CA","","92009","USA"
2335,"*Verum Pharmaceuticals Inc","1000 Park Forty Plaza, Suite 300","","Research Triangle Park","NC","","27713","USA"
2336,"Cebert Pharmaceuticals Inc","1200 Corporate Drive, Suite 370","","Birmingham","AL","","35242","USA"
2337,"Prasco Laboratories","7155 East Kemper Road","","Cincinnati","OH","","45249","USA"
2338,"Teamm Pharmaceuticals Inc","3000 Aerial Center Parkway","Suite 110","Morrisville","NC","","27560","USA"
2341,"NuCare Pharmaceuticals Inc","622 West Katella Avenue","","Orange","CA","","92867","USA"
2342,"WraSer Pharmaceuticals","148 Weisenberger Road, Suite D","","Madison","MS","","39130","USA"
2343,"DUSA Pharmaceuticals Inc","25 Upton Drive","","Wilmington","MA","","01887","USA"
2344,"Topix Pharmaceuticals Inc","5200 New Horizons Boulevard","","N. Amityville","NY","","11701","USA"
2345,"IDEC Pharmaceuticals Corporation","3030 Callan Road","","San Diego","CA","","92121","USA"
2346,"Sundown Rexall Vitamins","159 Koch Road","","Corte Madera","CA","","94925","USA"
2347,"Dr. Reddy's Laboratories Inc","One Park Way","","Upper Saddle River","NJ","","07458","USA"
2350,"FNC Medical Corporation","5600 Everglades, Units B & C","","Ventura","CA","","93003","USA"
2351,"Imiren Pharmaceuticals Inc","2500 Park Central Boulvard, Suite A6","","Decatur","GA","","30035","USA"
2353,"Medix Pharmaceuticals Americas Inc","12505 Suite M","Starkey Road","Largo","FL","","33773","USA"
2355,"Millennium Pharmaceuticals Inc","75 Sidney Street","","Cambridge","MA","","02139","USA"
2356,"Cura Pharmaceutical Company Inc","208 Monmouth Road","","Oakhurst","NJ","","07755","USA"
2357,"ESP Pharma Inc","2035 Lincoln Highway Suite 2150","","Edison","NJ","","08817","USA"
2358,"Aplicare Inc","50 East Industrial Road","","Branford","CT","","06405","USA"
2359,"Colorado Biolabs Inc","PO Box 125","404 M Street","Cozad","NE","","69130","USA"
2360,"PediaMed Pharmaceuticals Inc","7310 Turfway Road Suite 490","","Florence","KY","","41042","USA"
2361,"ProEthic Laboratories LLC","5331 Perimeter Parkway Court P O Box 240067 ","","Montgomery","AL","","36116","USA"
2362,"Rodlen Laboratories","100 Fairway Drive Suite 130","","Vernon Hills","IL","","60061","USA"
2364,"PharmaDerm","4126 Steve Reynolds Boulevard","","Norcross","GA","","30093","USA"
2365,"Direct Dispensing Inc","3123-A NW 73 Street","","Miami","FL","","33147","USA"
2366,"INO Therapeutics Inc","6 Route 173 West","","Clinton","NJ","","08809","USA"
2367,"SkinMedica Inc","5909 Sea Lion Place","Suite H","Carlsbad","CA","","92008","USA"
2368,"Amphastar Pharmaceuticals Inc","1886 Santa Anita Avenue","","South El Monte","CA","","91733","USA"
2369,"Ovation Pharmaceuticals Inc","Four Parkway North","","Deerfield","IL","","60015","USA"
2370,"Pharma Medica","135 Buttercup Court","","Whitehouse Station","NJ","","08889","USA"
2372,"QOL Medical LLC","516 D River Highway, Suite 158","","Mooreseville","NC","","28117-6830","USA"
2373,"Ipsen Inc","27 Maple Street","","Milford","MA","","01757-3650","USA"
2374,"Athlon Pharmaceuticals Inc","P.O. Box 26708","","Birmingham","AL","","35260","USA"
2375,"Upstate Pharma LLC","755 Jefferson Road","","Rochester","NY","","14623","USA"
2376,"Amersham Health","101 Carnegie Center","","Princeton","NJ","","08540-6231","USA"
2378,"Cubist Pharmaceuticals Inc","65 Hayden Avenue","","Lexington","MA","","02421","USA"
2379,"Meridian Medical Technologies Inc","10240 Old Columbia Road","","Columbia","MD","","21046","USA"
2380,"Summit Industries","P O Box 7329","","Marietta","GA","","30065","USA"
2381,"Aero Pharmaceuticals Inc","3848 FAU Blvd.","Ste. 100","Boca Raton","FL","","33431","USA"
2382,"Genta Inc","Two Connell Drive","","Berkeley Heights","NJ","","07922","USA"
2383,"Excellium Pharmaceuticals Inc","3 G Oak Road","","Fairfield","NJ","","07004","USA"
2384,"Axiom Pharmaceutical Corporation","695 N. Perryville Road","","Rockford","IL","","61107-6225","USA"
2385,"SAB-Pharma Inc","272 E. Deerpath, Suite 350","","Lake Forest","IL","","60045","USA"
2386,"Praecis Pharmaceuticals Inc","830 Winter Street","","Waltham","MA","","02451-1420","USA"
2387,"Midlothian Laboratories LLC","5323 Perimeter Parkway Court","","Montgomery","AL","","36116","USA"
2388,"Aslung Pharmaceuticals LP","550 Hemphill","","Fort Worth","TX","","76104","USA"
2389,"Carolina Pharmaceuticals Inc","2500 Regency Parkway","","Cary","NC","","27511","USA"
2390,"Dispensing Solutions Inc","3000 West Warner Avenue","","Santa Ana","CA","","92704","USA"
2391,"William Laboratories Inc","727 Raritan Road, Suite 101","","Clark","NJ","","07066","USA"
2392,"Dentsply Pharmaceuticals","3427 Concord Road","","York","PA","","17402","USA"
2393,"River's Edge Pharmaceuticals","132 Riverview Drive","","Suwanee","GA","","30024-4290","USA"
2394,"Synthon Pharmaceuticals Ltd","6330 Quadrangle Drive, Suite 205","","Chapel Hill","NC","","27514","USA"
2396,"Cumberland Pharmaceuticals Inc","2525 West End Avenue, Suite 950","","Nashville","TN","","37203","USA"
2400,"Armstrong Pharmaceuticals Inc","423 La Grange Street","","West Roxbury","MA","","02132","USA"
2401,"Lupin Pharmaceuticals Inc","401E Pratt Street, Suite 2225","","Baltimore","MD","","21202","USA"
2402,"Victory Pharma","12707 High Bluff Drive, Suite 200","","San Diego","CA","","92130","USA"
2403,"Calmoseptine Inc","16602 Burke Lane","","Huntington Beach","CA","","92649","USA"
2404,"Boudreaux's Butt Paste","13405 Seymour Myers Boulevard, Suite 29","","Covinton","LA","","70433","USA"
2408,"JB Laboratories Inc","PO Box 2248","","Holland","MI","","49422","USA"
2409,"Alamo Pharmaceuticals LLC","8501 Wilshire Boulevard, Suite 318","","Beverly Hills","CA","","55344","USA"
2410,"Wockhardt USA Inc","75 Ronald Regan Blvd","","Warwick","NY","","10990","USA"
2411,"Parenta Pharmaceuticals Inc","3 Southern Court","","West Columbia","SC","","29169","USA"
2413,"Three Rivers Pharmaceuticals LLC","312 Commerce Park","","Cranberry Township","PA","","16066","USA"
2436,"Bioniche Pharma USA Inc","151 Dundas Street, Suite 507","","London","ON","","N6A 5R7","CAN"
2438,"Hospak Unit Dose Products","5910 Creekside Lane","","Rockford","IL","","61114","USA"
2440,"Scientific Laboratories Inc","9701 Philadelphia Way","","Lanham Way","MN","","20706","USA"
2441,"Harvest Pharmaceuticals Inc","1881 Gove Avenue","","Radford","VA","","24141","USA"
2442,"Innovative Pharmacy Solutions","27 Steamwhistle Drive","","Ivyland","PA","","18974","USA"
2444,"Presutti Laboratories Inc","1607 North Douglas Avenue","","Arlington Heights","IL","","60004","USA"
2446,"Hospira Inc","275 North Field Drive","","Lake Forest","IL","","60045","USA"
2448,"TriMarc Laboratories","727 North Ann Arbor","","Oklahoma City","OK","","73127","USA"
2449,"PharMedium Services, LLC","1500 South Lakeside Drive, Suite 130","","Bannockburn","IL","","60015","USA"
2451,"ISTA Pharmaceuticals","15279 Alton Parkway, Suite 100","","Irvine","CA","","92618","USA"
2463,"Santarus Inc","10590 West Ocean Air Drive, Suite 200","","San Diego","CA","","92130","USA"
2464,"Valeant Pharmaceuticals","Valeant Plaza","3300 Hyland Avenue","Costa Mesa","CA","","92626","USA"
2480,"High Chemical Company","3901-A Nebraska Street","","Levittown","PA","","19056","USA"
2482,"Precision Dose Inc","722 Progressive Lane","","South Beloit","IL","","61068","USA"
2486,"Vista Pharm Inc","130 Inverness Plaza #122","","Birmingham","AL","","35242","USA"
2487,"Abrika Pharmaceuticals LLP","13800 Northwest 2nd Street, Suite 1190","","Sunrise","FL","","33325","USA"
2494,"Llorens Pharmaceuticals","P O Box 720008","","Miami","FL","","33172","USA"
2497,"Veracity Pharmaceuticals Inc","6601 Lyons Road, E-6","","Coconut Creek","FL","","33073","USA"
2498,"Vindex Pharmaceuticals","1908 Dartford Drive","","Cordova","TN","","38016-4019","USA"
2499,"Vertical Pharmaceuticals Inc","2560 US Highway 22, Suite 135","","Scotch Plains","NJ","","07076","USA"
2502,"Primus Pharmaceuticals Inc","13402 North Scottsdale Road, Suite A-103","","Scottsdale","AZ","","85254","USA"
2514,"Deca Pharmaceuticals LLC","20542 Highway 40","","Bush","LA","","70431","USA"
2519,"Oscient Pharmaceuticals","Bay Colony Corporate Center","1000 Winter Street, Suite 2200","Waltham","MA","","02451","USA"
2526,"Grifols Biologicals Inc","2410 Lillyvale Avenue","","Los Angeles","CA","","90032","USA"
2527,"World Gen LLC","120 Route 17 North, Suite 127","","Paramus","NJ","","07652","USA"
2528,"Akyma Pharmaceuticals LLC","701 Columbia Avenue","","Glasgow","KY","","42141","USA"
2529,"Access Pharmaceuticals Inc","2600 Stemmons Freeway, Suite 176","","Dallas","TX","","75207","USA"
2531,"Alliant Pharmaceuticals Inc","312 Maxwell Road, Suite 400","","Alpharetta","GA","","30004","USA"
2535,"Octapharma USA","5885 Trinity Parkway Suite 350","","Centreville","VA","","20120","USA"
2536,"Eisai Inc","500 Frank W Burr Boulevard","","Teaneck","NJ","","07666-6741","USA"
2537,"Regent Medical Americas","3585 Engineering Drive Suite 250","","Norcross","GA","","30092","USA"
2538,"DispenseXpress Inc","270 South Flower Street","","Burbank","CA","","91502","USA"
2539,"Alimera Sciences","6120 Windward Parkway, Suite 290","","Alpharetta","GA","","30005","USA"
2540,"ChiRhoClin Inc","4000 Blackburn Lane, Suite 270","","Burtonsville","MD","","20866","USA"
2541,"Kodak Dental Products","343 State Street, Mail Code 01122","","Rochester","NY","","14650","USA"
2542,"AMO Advanced Medical Optics","1700 East St. Andrew Place","P O Box 25162","Santa Ana","CA","","92799-5162","USA"
2544,"Affordable Pharmaceuticals LLC","PO Box 850929","","Braintree","MA","","02185","USA"
2547,"Cornerstone BioPharma Inc","2000 Regency Parkway","","Cary","NC","","27511","USA"
2548,"Vistakon, div of Johnson and Johnson Optical","7500 Centurion Parkway","","Jacksonville","FL","","32256","USA"
2549,"Pronova Corporation","7440 SW 50th Terrace, Suite 105","","Miami","FL","","33155","USA"
2550,"Glenmark Pharmaceuticals Inc","One Independence Way, Suite 210","","Princeton","NJ","","08540","USA"
2552,"GTx Inc","3 North Dunlap Street, 3rd Floor","","Memphis","TN","","38613","USA"
2553,"JSJ Pharmaceuticals","3655 Route 202 Suite 116","","Doylestown","PA","","18901","USA"
2554,"EmJay Labs Inc","20820 Chagrin Boulevard","","Cleveland","OH","","44122","USA"
2555,"Cytosol Ophthalmics","325 William White Place NE","","Lenoir","NC","","28658","USA"
2556,"BioMarin Pharmaceutical Inc","105 Digital Drive","","Novato","CA","","94949","USA"
2558,"TEC Sales","39214 Heatherbrook Drive","","Farmington","MI","","48331","USA"
2559,"Aurobindo Pharma USA Inc","203 North East Front Street, Suite 101","","Suite 101","DE","","19963","USA"
2560,"Weider Nutrition International","2002 South 5070 West","","Salt Lake City","UT","","84104","USA"
2561,"Acorda Therapeutics","15 Skyline Drive","","Hawthorne","NY","","10532 ","USA"
2562,"IMCOR Pharmaceutical Company","6175 Lusk Boulevard","","San Diego","CA","","92109","USA"
2563,"Amylin Pharmaceuticals Inc","9360 Towne Centre Drive, Suite 110","","San Diego","CA","","92121","USA"
2566,"Jones Pharma Inc","1945 Craig Road","","St. Louis","MO","","63146","USA"
2567,"GeneraMedix","150 Allen Road","","Liberty Corner","NJ","","07938","USA"
2568,"Patriot Pharmaceuticals LLC","7050 Camp Hill Road RA 202 ","","Fort Washington","PA","","19034","USA"
2569,"Lansinoh Laboratories Inc","333 North Fairfax Street, Suite 400","","Alexandria","VA","","22314","USA"
2570,"Dava Pharmaceuticals Inc","Parker Plaza","400 Kelby Street, 10th Floor","Fort Lee","NJ","","07024","USA"
2571,"AR Scientific Inc","1100 Orthodox Street","","Philadelphia","PA","","19124","USA"
2572,"Depomed Inc","1360 O'Brien Drive","","Menlo Park","CA","","94025-1436","USA"
2573,"Dutch Ophthalmic USA","One Little River Road","P.O. Box 968","Kingston","NH","","03848","USA"
2574,"FSC Laboratories Inc","6000 Fairview Road, Suite 1200","","Charlotte","NC","","28210","USA"
2575,"Insight Pharmaceuticals Inc","550 Township Line Road","","Blue Bell","PA","","19422","USA"
2576,"JDS Pharmaceuticals LLC ","122 East 42nd Street, 41st Floor","","New York","NY","","10168","USA"
2577,"Chester Valley Pharmaceuticals Inc","Two West Liberty Blvd., Suite 203","","Malvern","PA","","19355","USA"
2579,"Advancis Pharmaceutical Corp","20425 Seneca Meadows Parkway","","Germantown","MD","","20876","USA"
2580,"Intendis, Inc","P. O. Box 1000","","Pine Brook","NJ","","07058-1000","USA"
2581,"PCCA (Professional Compounding Centers of America)","9901 S Hillcrest","","Houston","TX","","77099","USA"
2582,"NitroMed Inc","125 Spring Street","","Lexington","MA","","02421","USA"
2583,"ABO Pharmaceuticals","7930 Arjons Drive, Suite A","","San Diego","CA","","92126","USA"
2584,"ViroPharma Incorporated","397 Eagleview Boulevard","","Exton","PA","","19341","USA"
2585,"Integrative Therapeutics","9 Monroe, Suite 250","","Lake Oswego","OR","","97035","USA"
2587,"US Dermatologics","133 Franklin Corner Road","","Lawrenceville","NJ","","08648","USA"
2588,"Solstice Neurosciences","701 Gateway Boulevard","Suite 250","South San Francisco","CA","","94080","USA"
2590,"Verus Pharmaceuticals Inc","12671 High Bluff Drive, Suite 200","","San Diego","CA","","92130 ","USA"
2591,"Barrier Therapeutics","600 College Road East, Suite 3200","","Princeton","NJ","","08540-6697","USA"
2594,"Talecris Biotherapeutics","4101 Research Commons","79 T.W. Alexander Drive","Research Triangle Park","NC","","27709","USA"
2595,"Lil Drug Store Products","1201 Continental Place NE","","Cedar Rapids","IA","","52402","USA"
2596,"Medvantx","5810 Nancy Ridge Dr., Suite 100","","San Diego","CA","","92121","USA"
2597,"Tercica Inc","2000 Sierra Point Parkway, Suite 400","","Brisbane","CA","","94005","USA"
2598,"ConAgra Functional Foods","1 ConAgra Drive","","Omaha","NE","","68102","USA"
2599,"E-Z-EM Inc","1111 Marcus Avenue","","Lake Success","NY","","11042","USA"
2604,"Pryde Pharmaceutical Corp","258 S.E. 6th Avenue, Suite 5","","Delray Beach","FL","","33483","USA"
2605,"J.T Baker","222 Red School Lane","","Phillipsburg","NJ","","08865","USA"
2606,"Biocodex Inc","300 N Mill St #C","P.O. Box 549","Creswell","OR","","97426","USA"
2770,"Auriga Laboratories Inc","5555 Triangle Parkway, Suite 300","","Norcross","GA","","30092","USA"
2773,"Brighton Pharmaceuticals Inc","1000 Park 40 Plaza Suite 300","","Durham","NC","","27713","USA"
2774,"GentexPharma, LLC","P.O. Box 1742","","Madison","MS","","39130-1742","USA"
2775,"Twinlab Corporation","150 Motor Parkway, Suite 210","","Hauppauge","NY","","11788","USA"
2776,"Critical Therapeutics Inc","60 Westview Street","","Lexington","MA","","02421","USA"
2777,"MPM Medical Inc","2301 Crown Court","","Irving","TX","","75038","USA"
2780,"Varsity Laboratories","P.O. Box 26708","","Birmingham","AL","","35260","USA"
2781,"Source Naturals","19 Janis Way","","Scotts Valley","CA","","95066","USA"
2782,"Nature's Answer","75 Commerce Drive","","Hauppauge","NY","","11788","USA"
2784,"Allan Pharmaceuticals","1840 County Line Road, Suite 201","","Huntingdon Valley","PA","","19006","USA"
2790,"Magna Pharmaceuticals INC","11802 Brinley Avenue, Suite 201 ","","Louisville","KY","","40243","USA"
2797,"Leitner Pharmaceuticals","340 Edgemont Avenue, Suite 300","","Bristol","TN","","37620","USA"
2798,"Alaven Pharmaceuticals","2260 Northwest Parkway, Suite A","","Marietta","GA","","30067","USA"
2803,"Triax Pharmaceuticals, LLC","One Old Bloomfield Avenue","","Mountain Lakes","NJ","","07046","USA"
2804,"Esprit Pharma","Two Tower Center","","East Brunswick","NJ","","08816","USA"
2811,"Keystone Pharmaceuticals","26072 Merit Circle, Suite 101","","Laguna Hills","CA","","92653","USA"
2818,"Midwest IV","8400 Coral Sea Street","","Blaine","MN","","55449","USA"
2980,"CV Therapeutics, Inc","3172 Porter Drive","","Palo Alto","CA","","94304","USA"
2982,"*AMBI Pharmaceuticals","16206A Flight Path Drive","","Brooksville","FL","","34604","USA"
2983,"Pack Pharmaceuticals LLC","1110 Lake Cook Road, Suite 152 ","","Buffalo Grove","IL","","60089","USA"
2985,"Tower Laboratories Ltd","8 Industrial Park Road","PO Box 360","Centerbrook","CT","","06409","USA"
2986,"Pierre Fabre Pharmaceuticals Inc","9 Campus Drive","","Parsippany","NJ","","07054","USA"
2987,"DermaRite Industries LLC","3 East 26th Street","","Paterson","NJ","","07514","USA"
2988,"Midland Healthcare LLC","1201 Douglas Avenue","","Kansas City","MO","","64114","USA"
2989,"Healthpoint Ltd","3909 Hulen Street","","Fort Worth","TX","","76107","USA"
2991,"Zydus Pharmaceuticals (USA) Inc","508 Carnegie Center, Suite 101","","Princeton","NJ","","08540","USA"
2992,"F.C. Sturtevant Company","P.O. Box 607","","Bronxville","NY","","10708","USA"
2993,"Cytosol Laboratories Inc","55 Messina Drive","","Braintree","MA","","02184","USA"
2994,"Care-Tech Laboratories Inc","3224 South Kingshighway Boulevard","","Saint Louis","MO","","63139","USA"
2996,"Inpharma Inc","101 Federal Street, Suite 1900","","Boston","MA","","02110","USA"
2997,"Discus Dental","8550 Higuera Street","","Culver City","CA","","90232","USA"
2998,"Trigen Laboratories Inc","3 Kellogg Court, Suite 19","","Edison","NJ","","08817","USA"
2999,"Align Pharmaceuticals","To be Added later","","Cary","NC","","27511","USA"
3000,"Fresenius Medical Care North America","95 Hayden Avenue","","Lexington","MA","","02420-9192","USA"
3001,"Insmed Incorporated","4851 Lake Brook Drive","","Glen Allen","VA","","23058","USA"
3002,"Deston Therapeutics","4819 Emperor Boulevard, Suite 400","","Durham","NC","","27703","USA"
3004,"Genpharm LP","2751 Napa Valley Corporate Drive","","Napa","CA","","94558","USA"
3005,"Winchester Laboratories LLC","11 South 2nd Avenue, Suite 2 ","","St Charles","IL","","60174","USA"
3006,"Forte Pharma, Division of Eon Laboratories","220 Lake Drive","","Newark","DE","","19702","USA"
3007,"StoneBridge Pharma","6340 Sugarloaf Parkway ","","Duluth","GA","","30097","USA"
3008,"Jubilant Pharmaceuticals","207 Kiley Drive","","Salisbury","MD","","21801","USA"
3636,"Onset Therapeutics","400 Highland Corporate Drive","","Cumberland","RI","","02864","USA"
3639,"Centrix Pharmaceutical Inc","31 Inverness Center Parkway, Suite 270","","Birmingham","AL","","35242","USA"
3640,"ConvaTec","P.O. Box 5254","","Princeton","NJ","","08543-5254","USA"
3641,"Abraxis Oncology","2045 North Cornell Avenue","","Melrose","IL","","60160","USA"
3643,"Walgreens Company","200 Wilmont Road","","Deerfield","IL","","60015","USA"
3653,"OSI Pharmaceuticals Inc","41 Pinelawn Road","","Melville","NY","","11747","USA"
3654,"GE Healthcare","101 Carnegie Center","","Princeton","NJ","","08540","USA"
3655,"Cytogen Corporation","630 College Road East, Suite 3100","","Princeton","NJ","","08540","USA"
3656,"LCM Pharmaceutical ","1016 Airport Boulevard., Suite 3","","Destin","FL","","32541","USA"
3658,"Aqua Pharmaceuticals LLC","5 Great Valley Parkway, Suite 355","","Malvern","PA","","19355","USA"
3659,"Focus Laboratories","15700 Cimber Circle","","North Little Rock","AR","","72113","USA"
3661,"Shionogi USA Inc","100 Campus Drive","","Florham Park","NJ","","07932","USA"
3662,"Larken Laboratories Inc","148 Weisenberger Road ","","Madison","MS","","39110","USA"
3665,"Chain Drug Marketing Association","43157 West Nine Mile Road","P.O. Box 995","Novi","MI","","48376-0995","USA"
3719,"Myogen","7575 West 103rd Avenue, Suite 102","","Westminster","CO","","80021-5426","USA"
3797,"CR Bard Inc","Bard Medical Division","8195 Industrial Boulevard","Covington","GA","","30014","USA"
3798,"Vi-Jon Laboratories","8515 Page Avenue","","Saint Louis","MI","","63114","USA"
3801,"Aaron Industries","28966 Highway 76 East","","Clinton","SC","","29325","USA"
3808,"Azur Pharma Inc","420 Lexington Avenue, Suite 2400 ","","New York","NY","","10170","USA"
3809,"Natrol Inc","21411 Prairie Street","","Chatsworth","CA","","91311","USA"
3810,"Basic Organics Inc","885 Claycraft Road","PO Box 9611","Columbus","OH","","43230","USA"
3811,"Qualis Inc","4600 Park Avenue ","","Des Moines","IA","","50321","USA"
3812,"Truett Laboratories Inc","798 North Coney Avenue","","Azusa","CA","","91702","USA"
3813,"Triad Disposables","19355 Janacek Court","","Brookfield","WI","","53045","USA"
3817,"EKR Therapeutics","7 East Frederick Place ","","Cedar Knolls","NJ","","07927","USA"
3818,"Advanced Pharmaceutical Services, Inc","3505 Cadillac Avenue B-2","","Costa Mesa","CA","","92626","USA"
3819,"Sinclair Pharmacal Co","PO Box D","","Fishers Island","NY","","06390","USA"
3820,"Prince of Peace Enterprises Inc","3536 Arden Road ","","Hayward","CA","","94545","USA"
3821,"Alliance Labs","2515 E Rose Garden Lane Suite 1","","Phoenix","AZ","","85050","USA"
3822,"Cardinal Health Inc","7000 Cardinal Place","","Dublin","OH","","43017","USA"
4583,"PCA LLC","6210 Technology Center Drive","","Indianapolis","IN","","46278","USA"
4584,"sanofi-aventis ","300 Somerset Corporate Boulevard","","Bridgewater","NJ","","08807-2854","USA"
4588,"Sciele Pharma Inc","Five Concourse Parkway","Suite 1800","Atlanta","GA","","30328","USA"
4589,"Amerx Health Care Corporation ","1300 South Highland Avenue","","Clearwater","FL","","33756","USA"
4590,"Amerifit Nutrition Inc","166 Highland Park Drive","","Bloomfield","CT","","06002","USA"
4591,"Reddy Pharmaceuticals LLC","200 Somerset Corporate Boulevard","Seventh Floor","Bridgewater","NJ","","08807","USA"
4593,"Zylera Pharamaceuticals","510 Meadowmont Village Circle, Suite 272","","Chapel Hill","NC","","27517-7584","USA"
4594,"Logan Pharmaceuticals","1717 Dixie Highway, Suite 700","","Fort Wright","KY","","41011","USA"
4595,"Alva-Amco Pharmacal","7711 Merrimac Avenue","","Niles","IL","","60714-3423","USA"
4596,"CorePharma LLC","215 Wood Avenue","","Middlesex","NJ","","08846","USA"
4598,"Monte Sano Pharmaceuticals Inc","4801 University Square, Suite 31","","Huntsville","AL","","35816","USA"
4599,"Guerbet LLC","1185 West Second Street ","","Bloomington","IN","","47403","USA"
4600,"Cook Inc","750 Daniels Way","P.O. Box 489","Bloomington","IN","","47404","USA"
4601,"Everton Pharmaceuticals","4819 Emperor Boulevard, Suite 400","","Research Triangle Park","NC","","27703","USA"
4606,"Flanders Inc","PO Box 80428","","Charleston","SC","","29416","USA"
4607,"AGI Dermatics","205 Buffalo Avenue","","Freeport","NY","","11520","USA"
4610,"A Aarons INC ","383 Route 46 West","","Fairfield","NJ","","07004-2402","USA"
4611,"Ivy Corporation","299-B Fairfield Avenue","","Fairfield","NJ","","07004","USA"
4612,"Dr. Dan's Lip Balms","133 Woodlawn Drive","","Batesville","IN","","47006","USA"
4613,"Choice Rx Inc","5117 Grand Oak Way","","Brentwood","TN","","37027","USA"
4615,"SJ Pharmaceuticals LLC","4587 Damascus Road","","Memphis","TN","","38118","USA"
4616,"NeilMed Pharmaceuticals Inc","601 Avaition Boulevard","","Santa Rosa","CA","","95403","USA"
4665,"Aton Pharma","3150 Brunswick Pike","","Lawrenceville","NJ","","877-286-65","USA"
4667,"Patterson Dental Supply","1031 Mendota Heights Road","","St. Paul","MN","","55120","USA"
4668,"Abraxis Pharmaceutical Products","1501 East Woodfield Road, Suite 300 East","","Schaumburg","IL","","60173-5837","USA"
4669,"ImaRx Therapeutics, Inc","1635 East 18th Street","","Tucson,","AR","","85719","USA"
4673,"Ballay Pharmaceuticals","PO Box 1356","","Wimberley","TX","","00078","USA"
4674,"Amsino Medical USA","5209 Linbar Drive, Suite #640","","Nashville","TN","","37211-1026","USA"
4675,"KVD Pharma Inc","131 Chambers Brook Road","","Branchburg","NJ","","08876","USA"
4677,"JAYMAC Pharmaceuticals LLC ","P.O. Box 510","","Sunset","LA","","70584","USA"
4678,"SkyePharma Inc","10450 Science Center Drive ","","San Diego","CA","","92121","USA"
4681,"Ascend Therapeutics ","607 Herndon Parkway, Suite 210","","Herndon","VA","","20170","USA"
4682,"Avocet Polymer Technologies Inc","23560 West Main Street, Suite 2","","Plainfield","IL","","60544","USA"
4683,"Miralus Healthcare","PO","","Plantation","FL","","33311","USA"
4705,"Anip Acquisition Company","3600 25th Avenue","","Gulfport","MS","","39501-6922","USA"
4710,"OTN Generics Inc","395 Oyster Point Boulevard","Suite 500","San Francisco","CA","","94080","USA"
4711,"Blu Pharmaceuticals ","2445 Nashville Road Suite 1","","Bowling Green","KY","","42101","USA"
4720,"Cadbury Adams USA ","P.O. Box 869077","","Plano","TX","","75086-9077","USA"
4721,"AkPharma Inc","PO Box 111","","Pleasantville","NJ","","08232","USA"
4722,"Cobalt Laboratories Inc","24840 South Tmami Trail","Building B1","Bonita Springs","FL","","34134-7009","USA"
4723,"NextWave Pharmaceuticals ","50 Lakeview Parkway, Suite 134","","Vernon Hills","IL","","60061","USA"
4726,"Yasoo Health Inc","PO Box 3608","","Johnson City","TN","","37602","USA"
